Source,Target
littlemixofficial,vevo
littlemixofficial,girlslifemag
bmhylandxoxo,realbarbarapalvin
bmhylandxoxo,selenagomez
bmhylandxoxo,payyytonackerman
bmhylandxoxo,nia_sioux5
eleanorj92,namelessgem
eleanorj92,niallhoran
eleanorj92,selenagomez
eleanorj92,calumhood
eleanorj92,f3licitetomlinson
eleanorj92,barackobama
payyytonackerman,zacktorres22
payyytonackerman,nia_sioux5
payyytonackerman,bmhylandxoxo
payyytonackerman,sophialucia5678
theteavogue,unsurety
clean_wrists_not_hips,unsurety
_quotes_for_you_,unsurety
louisheartme,unsurety
smoshacorn,qeorgie
jeromejarre,anselelgort
jeromejarre,officiallysteveo
jeromejarre,romanatwood
jeromejarre,garyvee
jeromejarre,sunnymabrey
jeromejarre,willsasso
jeromejarre,marcusjohns
lyciafaith,shawnmendes
lyciafaith,danababy97
lyciafaith,shopwilddaisy
lyciafaith,selenagomez
sarahstage,dennistodisco
sarahstage,nataliehalcro
sarahstage,fiendbassy
sarahstage,kinggoldchains
sarahstage,gigihadid
sarahstage,bom_rabbits
sarahstage,katgrahampics
sarahstage,mabelynncapeluj
sarahstage,chanelwestcoast
sarahstage,hoskelsa
sarahstage,mariamenounos
sarahstage,therock
sarahstage,paigehathaway
sarahstage,skyferreira
sarahstage,mertalas
sarahstage,realbarbarapalvin
sarahstage,hayden_williams
sarahstage,acaciaswimwear
sarahstage,heatherraeyoung
jackgilinsky,shawnmendes
jackgilinsky,magcontour
shawnmendes,codysimpson
shawnmendes,gymshark
shawnmendes,magcontour
shawnmendes,jackgilinsky
shawnmendes,maxjr617
shawnmendes,iamalyssalight
shawnmendes,jeromejarre
shawnmendes,marcusjohns
ironeyeretna,adrianalima
ironeyeretna,jamonthepig
ironeyeretna,timothyboor
ironeyeretna,themuska
ironeyeretna,justene_j
ironeyeretna,barackobama
ironeyeretna,surfer_magazine
ironeyeretna,factory413
officially_nasty,cultcrew
officially_nasty,robdyrdek
officially_nasty,shecks
officially_nasty,dustingrice
officially_nasty,glassofwhiskey
robdyrdek,monsterenergy
robdyrdek,jmanziel2
robdyrdek,anacheri
robdyrdek,easymoneysniper
robdyrdek,kinggoldchains
robdyrdek,chazortiz
robdyrdek,chanelwestcoast
robdyrdek,steviewilliams
robdyrdek,rampage4real
robdyrdek,shecks
robdyrdek,themuska
therealrickiefowler,jmanziel2
therealrickiefowler,kimcrossman
therealrickiefowler,selenagomez
therealrickiefowler,tiesto
therealrickiefowler,easymoneysniper
therealrickiefowler,reggiebush
therealrickiefowler,judahsmith
therealrickiefowler,thelanawwe
therealrickiefowler,brodyjenner
therealrickiefowler,shecks
sunnymabrey,klarity
sunnymabrey,marcusjohns
sunnymabrey,willsasso
sunnymabrey,glassofwhiskey
sunnymabrey,lenadunham
easymoneysniper,angelbespoke
easymoneysniper,lilbibby_
easymoneysniper,tatyanaali
easymoneysniper,officiallysteveo
easymoneysniper,jmanziel2
easymoneysniper,judahsmith
easymoneysniper,barackobama
easymoneysniper,deraydavis
easymoneysniper,birdman5star
easymoneysniper,blakegriffin32
easymoneysniper,kinggoldchains
easymoneysniper,skydigg4
easymoneysniper,queenshmink
easymoneysniper,treysongz
easymoneysniper,russwest44
easymoneysniper,futuretheprince
judahsmith,selenagomez
judahsmith,therealrickiefowler
judahsmith,easymoneysniper
judahsmith,brianchouston
kr3wdenim,zumiez
kr3wdenim,fourstarclothing
surfer_magazine,surfingmagazine
surfer_magazine,lukedavisthegrey
selfmaderyan,dylan_dyamond
reggiebush,adrianalima
reggiebush,treysongz
reggiebush,liljon
reggiebush,quincy
reggiebush,birdman5star
reggiebush,skydigg4
reggiebush,channingtatum
reggiebush,kinggoldchains
reggiebush,shecks
reggiebush,officiallysteveo
reggiebush,djchuckie
reggiebush,robinthicke
reggiebush,therock
reggiebush,easymoneysniper
reggiebush,macklemore
reggiebush,lancemoore16
reggiebush,russwest44
reggiebush,paulwallbaby
reggiebush,derrtymo
reggiebush,barackobama
reggiebush,blakegriffin32
reggiebush,tiesto
reggiebush,stacykeibler
reggiebush,cedricgervais
reggiebush,brodyjenner
themuska,chazortiz
themuska,nikesb
themuska,robdyrdek
themuska,nicktucker
themuska,steviewilliams
themuska,skyferreira
themuska,ironeyeretna
themuska,factory413
factory413,ironeyeretna
factory413,themuska
factory413,kr3wdenim
brinamberlee,chanelwestcoast
brinamberlee,iggymfails
brinamberlee,nikkohurtado
brinamberlee,iwearsin
brinamberlee,playboy
brinamberlee,hayden_williams
brinamberlee,romantattoos
monicamonroexo,jaquieohh
monicamonroexo,adrianalima
monicamonroexo,paigehathaway
monicamonroexo,nataliehalcro
monicamonroexo,anacheri
monicamonroexo,sephora
monicamonroexo,sarahstage
monicamonroexo,evelynlozada
cmacdaddyy,catdagreat
cmacdaddyy,tazsangel_ab
cmacdaddyy,facetstudio
cmacdaddyy,dudeitsdamsel
cmacdaddyy,_kionagarcia
cindyprado,quincy
cindyprado,selenagomez
cindyprado,hayden_williams
cindyprado,realbarbarapalvin
cindyprado,sarahstage
cindyprado,brodyjenner
cindyprado,acaciaswimwear
cindyprado,eonline
dizzy_fitness,rosannaarkle
dizzy_fitness,gymshark
dizzy_fitness,iggymfails
dizzy_fitness,sarahstage
dizzy_fitness,femfitnessmodels
dizzy_fitness,fitgirlsworldwide
dizzy_fitness,nataliehalcro
dizzy_fitness,paigehathaway
dizzy_fitness,fit
comedyscenesx,uniquevines
comedyscenesx,thebesttscenes
jaquieohh,lenadunham
jaquieohh,denizduygulu
jaquieohh,paigehathaway
jaquieohh,realbarbarapalvin
paigehathaway,sarahstage
paigehathaway,easymoneysniper
playboy,mertalas
playboy,heatherraeyoung
heatherraeyoung,iansomerhalder
heatherraeyoung,mertalas
heatherraeyoung,glassofwhiskey
heatherraeyoung,adrianalima
heatherraeyoung,paigehathaway
heatherraeyoung,playboy
heatherraeyoung,sarahstage
anacheri,fitaffinity
anacheri,adrianalima
anacheri,robdyrdek
anacheri,nataliehalcro
anacheri,mariamenounos
anacheri,sarahstage
anacheri,fitgirlsworldwide
anacheri,thebriebella
anacheri,thenikkibella
anacheri,hayden_williams
anacheri,fit
anacheri,paigehathaway
anacheri,liljon
anacheri,chargers
anacheri,channingtatum
anacheri,eonline
femfitnessmodels,anacheri
femfitnessmodels,dizzy_fitness
femfitnessmodels,paigehathaway
femfitnessmodels,fitgirlsworldwide
thebriebella,eonline
thebriebella,thelanawwe
thebriebella,emmalution
thebriebella,uceyjucey
thebriebella,summerraewwe
thebriebella,reneeyoungwwe
thebriebella,thenikkibella
catdagreat,cmacdaddyy
catdagreat,tazsangel_ab
catdagreat,lolliecakez
tazsangel_ab,cmacdaddyy
tazsangel_ab,sephora
tazsangel_ab,lolliecakez
tazsangel_ab,catdagreat
talisalo,sarahstage
chlooooejade,fitgirlsworldwide
chlooooejade,hydracup
chlooooejade,paigehathaway
chlooooejade,yankees
creative_inventioners,sarahstage
creative_inventioners,tazsangel_ab
creative_inventioners,catdagreat
creative_inventioners,paigehathaway
creative_inventioners,postaday
demetakalin,hulyavsr
javim9,mizzhogan
javim9,chanelwestcoast
javim9,philadelphiaeagles
javim9,chelseahouska
lexie1225,sophiabush
lexie1225,tiesto
lexie1225,jennettemccurdy
lexie1225,lizgillz
chelseahouska,javim9
chelseahouska,sephora
chelseahouska,mizzhogan
chelseahouska,marcusjohns
chelseahouska,channingtatum
normancook,eonline
mexicangueys,georgelopez
daltonjackson,shawnmendes
daltonjackson,therock
daltonjackson,chanelwestcoast
daltonjackson,larryfisherman
bodyteaofficial,paigehathaway
bodyteaofficial,fitgirlsworldwide
xxhihaterxx,nikesb
xxhihaterxx,nigelsylvester
xxhihaterxx,tazsangel_ab
xxhihaterxx,therock
xxhihaterxx,macklemore
xxhihaterxx,raiders
xxhihaterxx,hopsinson
xxhihaterxx,larryfisherman
xxhihaterxx,chanelwestcoast
comicposts,thebesttscenes
lordposts,lukam10
lordposts,russwest44
_quotes_for_you_,deathparradise
_quotes_for_you_,gmhdiary
_quotes_for_you_,sexualaughs
_quotes_for_you_,callmebroken
_quotes_for_you_,in_spiration
_quotes_for_you_,aliifepoetry
_quotes_for_you_,star.struck
_quotes_for_you_,joeygraceffa
_quotes_for_you_,unsurety
_quotes_for_you_,wordsunspokenn
_quotes_for_you_,niallhoran
_quotes_for_you_,postaday
_quotes_for_you_,theyoungthereckless
_quotes_for_you_,wastedyoutth
_quotes_for_you_,punkdirectiion
_quotes_for_you_,drew_shipley
_quotes_for_you_,tobuscus
_quotes_for_you_,rememberdisneyx
_quotes_for_you_,nipplejousting
_quotes_for_you_,raywilliamjohnson
_kionagarcia,adamsaleh
_kionagarcia,cmacdaddyy
_kionagarcia,tazsangel_ab
_kionagarcia,ashley_moore_
_kionagarcia,andreaschoice
_kionagarcia,kimjohansson
_kionagarcia,theevanitydiary
kimjohansson,_kionagarcia
lindsaylohan,starino
lindsaylohan,edelman11
lindsaylohan,mertalas
mcdonalds,joeygraceffa
mcdonalds,liljon
mcdonalds,ravens
mcdonalds,vevo
ladygrouplove,skyferreira
ladygrouplove,larryfisherman
elounor,calumhood
elounor,f3licitetomlinson
elounor,littlemixofficial
elounor,eleanorj92
elounor,niallhoran
ratchet_n_basic,larryfisherman
ratchet_n_basic,kanye_west_kanye_east
ratchet_n_basic,waste.d
hydracup,fitaffinity
hydracup,jaquieohh
hydracup,femfitnessmodels
hydracup,futuretheprince
hydracup,therock
hydracup,rockstargames
hydracup,paigehathaway
hydracup,heatherraeyoung
fitaffinity,playboy
fitaffinity,talisalo
fitaffinity,ultimate.health
fitaffinity,paigehathaway
fitaffinity,ig_weightloss
fitaffinity,jeromejarre
fitaffinity,rosannaarkle
fitaffinity,anacheri
fitaffinity,femfitnessmodels
fitaffinity,fitgirlsworldwide
nayarivera,spingalnichelle
nayarivera,reggiebush
nayarivera,lenadunham
witneycarson,anselelgort
witneycarson,gigihadid
witneycarson,codysimpson
witneycarson,selenagomez
witneycarson,iansomerhalder
witneycarson,brantdaugherty
ruffleswithlove,derrtymo
ruffleswithlove,paleobakehouse
ruffleswithlove,selenagomez
ruffleswithlove,frost117
ruffleswithlove,phoebejtonkin
ruffleswithlove,sophiabush
ruffleswithlove,realronniemagro
ruffleswithlove,jennijwowwmtv
ruffleswithlove,iansomerhalder
ruffleswithlove,prettylittlelyingvampires
ruffleswithlove,evelynlozada
ruffleswithlove,eonline
ruffleswithlove,thecw
ruffleswithlove,brodyjenner
ruffleswithlove,katgrahampics
ultimate.health,ig_weightloss
drew_shipley,selenagomez
daniellejonas,jennijwowwmtv
daniellejonas,badgleymischka
daniellejonas,eonline
missfamenyc,hayden_williams
missfamenyc,lindsaylohan
missfamenyc,mertalas
missfamenyc,adrianalima
missfamenyc,badgleymischka
missfamenyc,iansomerhalder
missfamenyc,theevanitydiary
missfamenyc,jennijwowwmtv
hollandroden,phoebejtonkin
hollandroden,glassofwhiskey
hollandroden,brantdaugherty
carlafacciolo,selenagomez
carlafacciolo,jennijwowwmtv
carlafacciolo,biggangvh1
carlafacciolo,realsway
carlafacciolo,dritadavanzoladyboss
carlafacciolo,breezenyc66
biggangvh1,jennijwowwmtv
biggangvh1,nbcnews
biggangvh1,dritadavanzoladyboss
biggangvh1,usweekly
biggangvh1,eonline
biggangvh1,carlafacciolo
jennijwowwmtv,dritadavanzoladyboss
jennijwowwmtv,chanelwestcoast
jennijwowwmtv,carlafacciolo
jennijwowwmtv,biggangvh1
jennijwowwmtv,realsway
jennijwowwmtv,eonline
jennijwowwmtv,channingtatum
jennijwowwmtv,realronniemagro
jennijwowwmtv,missfamenyc
chanelwestcoast,mariamenounos
chanelwestcoast,mike_stud
chanelwestcoast,imguddagudda
chanelwestcoast,larryfisherman
chanelwestcoast,steviewilliams
chanelwestcoast,treysongz
chanelwestcoast,vevo
chanelwestcoast,robinthicke
chanelwestcoast,theelcartel
chanelwestcoast,birdman5star
chanelwestcoast,mallymall
chanelwestcoast,kinggoldchains
chanelwestcoast,robdyrdek
chanelwestcoast,liljon
chanelwestcoast,mikeposner
chanelwestcoast,monsterenergy
chanelwestcoast,eonline
chanelwestcoast,shecks
chanelwestcoast,chazortiz
chanelwestcoast,playboy
breezenyc66,realronniemagro
breezenyc66,jennijwowwmtv
breezenyc66,talisalo
breezenyc66,liljon
breezenyc66,heatherraeyoung
breezenyc66,djchuckie
breezenyc66,sergioromo54
breezenyc66,mizzhogan
breezenyc66,darrellerevis24
breezenyc66,jasonstrauss
breezenyc66,biggangvh1
breezenyc66,impactwrestling
breezenyc66,dritadavanzoladyboss
breezenyc66,carlafacciolo
breezenyc66,rebysky
breezenyc66,blakegriffin32
breezenyc66,mcdonalds
realronniemagro,glassofwhiskey
realronniemagro,macklemore
realronniemagro,realsway
realronniemagro,breezenyc66
realronniemagro,easymoneysniper
realronniemagro,hood2go
realronniemagro,channingtatum
realronniemagro,jennijwowwmtv
realronniemagro,brodyjenner
realronniemagro,chanelwestcoast
realronniemagro,usweekly
realronniemagro,ciphasounds
dritadavanzoladyboss,jennijwowwmtv
dritadavanzoladyboss,selenagomez
dritadavanzoladyboss,evelynlozada
dritadavanzoladyboss,carlafacciolo
dritadavanzoladyboss,biggangvh1
dritadavanzoladyboss,ciphasounds
dritadavanzoladyboss,breezenyc66
zaynmalik,punkdirectiion
nouistbh,camila_cabello
nouistbh,calumhood
nouistbh,littlemixofficial
nouistbh,f3licitetomlinson
nouistbh,niallhoran
twerkingwithclouds,lucascruikshank
twerkingwithclouds,anselelgort
twerkingwithclouds,arose1860
twerkingwithclouds,hotelcalifcrnia
twerkingwithclouds,jackgilinsky
twerkingwithclouds,shawnmendes
twerkingwithclouds,perfect_o2l
twerkingwithclouds,calumhood
twerkingwithclouds,marcusbutler
twerkingwithclouds,joeygraceffa
twerkingwithclouds,jamesyammouniofficial
twerkingwithclouds,beaupeterbrooks
twerkingwithclouds,niallhoran
f3licitetomlinson,onepiece
f3licitetomlinson,calumhood
f3licitetomlinson,highhsoul
f3licitetomlinson,haileybaldwin
f3licitetomlinson,jordynwoods
f3licitetomlinson,joeygraceffa
f3licitetomlinson,gigihadid
f3licitetomlinson,iwearsin
f3licitetomlinson,namelessgem
f3licitetomlinson,realbarbarapalvin
f3licitetomlinson,lindsaylohan
f3licitetomlinson,fakelimanpayne
f3licitetomlinson,eonline
f3licitetomlinson,selenagomez
f3licitetomlinson,codysimpson
f3licitetomlinson,niallhoran
f3licitetomlinson,zacharayy
f3licitetomlinson,marcusbutler
f3licitetomlinson,andreaschoice
f3licitetomlinson,sarahstage
touchmytitties,perksofstfu
namelessgem,the1975
namelessgem,lenadunham
namelessgem,niallhoran
namelessgem,calumhood
namelessgem,eleanorj92
nipplejousting,zaynmalik
nipplejousting,niallhoran
nipplejousting,tampoons
nipplejousting,hoetels
nipplejousting,sextpert
niallcum,gmhdiary
niallcum,shawnmendes
niallcum,jackgilinsky
niallcum,namelessgem
niallcum,camila_cabello
niallcum,perksofstfu
niallcum,perksofbeingachickenugget
niallcum,calumhood
niallcum,niallhoran
niallcum,fakelimanpayne
niallcum,eleanorj92
_________boobies_________,doge.post
_________boobies_________,sextpert
_________boobies_________,sexualaughs
_________boobies_________,jennettemccurdy
_________boobies_________,deathparradise
_________boobies_________,ratchet_n_basic
_________boobies_________,niallhoran
_________boobies_________,perksofbeingachickenugget
_________boobies_________,zacharayy
waste.d,dazzlingoverlays
lazyl0l,barackobama
lazyl0l,chelseahouska
lazyl0l,nipplejousting
lazyl0l,callmebroken
lazyl0l,spookyposts
lazyl0l,sextpert
lazyl0l,in_spiration
lazyl0l,perksofbeingachickenugget
lazyl0l,lordposts
dudeitsdamsel,macklemore
dudeitsdamsel,rhymesayers
bakedstagram,larryfisherman
voguxvogux,nipplejousting
voguxvogux,perksofstfu
voguxvogux,findingtumblr
voguxvogux,theteavogue
wordsunspokenn,zacharayy
wordsunspokenn,in_spiration
wordsunspokenn,star.struck
wordsunspokenn,_quotes_for_you_
apatheticteens,aliencreature
apatheticteens,theyoungthereckless
star.struck,f3licitetomlinson
star.struck,eleanorj92
star.struck,perksofstfu
star.struck,zacharayy
star.struck,niallhoran
star.struck,calumhood
helloitsmelove,postaday
helloitsmelove,rememberdisneyx
helloitsmelove,disney
curdymygrom,codysimpson
curdymygrom,gigihadid
curdymygrom,littlemixofficial
curdymygrom,niallhoran
curdymygrom,rubygreen4
theteavogue,unsurety
teenreasonstosmile,channingtatum
teenreasonstosmile,gmhdiary
teenreasonstosmile,fakezachaplin
seasonalsdesires,skyferreira
seasonalsdesires,selenagomez
seasonalsdesires,teenreasonstosmile
seasonalsdesires,pureworldtruth
seasonalsdesires,bmhylandxoxo
theyoungthereckless,apatheticteens
theyoungthereckless,onepiece
theyoungthereckless,codysimpson
girlyypostts,teenreasonstosmile
thegorgeousruby,gigihadid
thegorgeousruby,selenagomez
thegorgeousruby,lexie1225
thegorgeousruby,niallhoran
thegorgeousruby,awesomenesstv
thegorgeousruby,rubygreen4
thegorgeousruby,stellahudgens
thegorgeousruby,billyunger
thegorgeousruby,codysimpson
roujannn,niallhoran
iamrachelcrow,justjared
iamrachelcrow,awesomenesstv
iamrachelcrow,nayarivera
iamrachelcrow,channingtatum
iamrachelcrow,selenagomez
iamrachelcrow,robdyrdek
iamrachelcrow,hayden_williams
iamrachelcrow,besttext
iamrachelcrow,onepiece
iamrachelcrow,jennettemccurdy
iamrachelcrow,bridgitmendler
iamrachelcrow,macklemore
iamrachelcrow,niallhoran
iamrachelcrow,telana11
iamrachelcrow,lindsaylohan
iamrachelcrow,stellahudgens
iamrachelcrow,barackobama
iamrachelcrow,treysongz
iamrachelcrow,billyunger
iamrachelcrow,lucascruikshank
iamrachelcrow,codysimpson
billyunger,robdyrdek
billyunger,haileybaldwin
rubygreen4,jordynwoods
rubygreen4,selenagomez
rubygreen4,adrianalima
rubygreen4,gigihadid
rubygreen4,realbarbarapalvin
rubygreen4,billyunger
rubygreen4,codysimpson
rhymesayers,realsway
rhymesayers,nesserfamilia
realchrismiles,chanelwestcoast
realchrismiles,mike_stud
realchrismiles,sydofwgkta
realchrismiles,djmustard
realchrismiles,selenagomez
realchrismiles,futuretheprince
realchrismiles,tvyyib
realchrismiles,larryfisherman
realchrismiles,birdman5star
realchrismiles,kinggoldchains
realchrismiles,macklemore
realchrismiles,raywilliamjohnson
realchrismiles,jennettemccurdy
realchrismiles,soapmanwun
realchrismiles,hopsinson
aadrianherrera,chazortiz
aadrianherrera,dennistodisco
aadrianherrera,hopsinson
aadrianherrera,fourstarclothing
aadrianherrera,steviewilliams
aadrianherrera,nicktucker
joshkatz,camera_duels
joshkatz,kane_sheckler
joshkatz,chazortiz
joshkatz,nikesb
joshkatz,shecks
treejtv,eg0re
treejtv,larryfisherman
treejtv,sydofwgkta
larryfisherman,selenagomez
larryfisherman,birdman5star
larryfisherman,sydofwgkta
larryfisherman,ladygrouplove
larryfisherman,lindsaylohan
larryfisherman,soapmanwun
larryfisherman,treejtv
kane_sheckler,alecmajerus
kane_sheckler,thehoonigans
kane_sheckler,robdyrdek
kane_sheckler,volcomskate
kane_sheckler,selenagomez
kane_sheckler,nicktucker
kane_sheckler,bonesbearings
kane_sheckler,larryfisherman
kane_sheckler,therealrickiefowler
kane_sheckler,steviewilliams
kane_sheckler,cultcrew
kane_sheckler,birdman5star
kane_sheckler,spitfirewheels
kane_sheckler,shecks
kane_sheckler,chazortiz
nesserfamilia,spitfirewheels
alecmajerus,kane_sheckler
alecmajerus,spitfirewheels
alecmajerus,hopsinson
alecmajerus,volcomskate
alecmajerus,nicktucker
alecmajerus,shecks
alecmajerus,chazortiz
alecmajerus,nesserfamilia
nicktucker,chanelwestcoast
nicktucker,richhomiequan
nicktucker,soapmanwun
nicktucker,djmustard
nicktucker,djmobeatz
nicktucker,themuska
nicktucker,birdman5star
nicktucker,hopsinson
nicktucker,chazortiz
nicktucker,aadrianherrera
nicktucker,steviewilliams
frostyheadwear,rhymesayers
spitfirewheels,fourstarclothing
spitfirewheels,alecmajerus
spitfirewheels,themuska
spitfirewheels,nesserfamilia
chazortiz,hopsinson
chazortiz,themuska
chazortiz,chanelwestcoast
chazortiz,kinggoldchains
chazortiz,tymoss
chazortiz,robdyrdek
chazortiz,larryfisherman
chazortiz,nigelsylvester
chazortiz,steviewilliams
chazortiz,kane_sheckler
chazortiz,nicktucker
chazortiz,chad_kerley
chazortiz,zumiez
chazortiz,shecks
bonesbearings,spitfirewheels
bonesbearings,zeroskateboards
bonesbearings,nesserfamilia
bonesbearings,zumiez
bonesbearings,steviewilliams
bonesbearings,nikesb
bonesbearings,kr3wdenim
zeroskateboards,zumiez
zeroskateboards,volcomskate
zeroskateboards,bonesbearings
zeroskateboards,themuska
zeroskateboards,steviewilliams
thepinktumblrlife,eggplonts
thepinktumblrlife,whatevertransparentt
summerraewwe,fitaffinity
summerraewwe,emmalution
summerraewwe,wwefandango
summerraewwe,wwebige
summerraewwe,wwenxt
summerraewwe,trishstratuscom
summerraewwe,thebriebella
summerraewwe,thenikkibella
summerraewwe,reneeyoungwwe
whatevertransparentt,f3licitetomlinson
whatevertransparentt,kkrose99
whatevertransparentt,rubygreen4
whatevertransparentt,aliencreature
whatevertransparentt,aliifepoetry
f3licitetomlinson,whatevertransparentt
heat_herm,kinggoldchains
heat_herm,iansomerhalder
heat_herm,hood2go
heat_herm,kidred
heat_herm,treysongz
heat_herm,brodyjenner
nonsense_thee_mc,techimmortal
nonsense_thee_mc,hopsinson
ayedamian,cameronkasper
ayedamian,anselelgort
ayedamian,imatthewsherrill
ayedamian,aliifepoetry
ayedamian,selenagomez
ayedamian,callmebroken
ayedamian,tiesto
ayedamian,jackgilinsky
ayedamian,maxjr617
ayedamian,in_spiration
ayedamian,jeromejarre
ayedamian,lyciafaith
ayedamian,manchesterunited
ayedamian,tampoons
ayedamian,shawnmendes
awko_overlays,seasonalsdesires
cm.punk,anacheri
cm.punk,selenagomez
cm.punk,reneeyoungwwe
cm.punk,thelanawwe
cm.punk,wwebige
cm.punk,thenikkibella
cm.punk,thebriebella
cm.punk,emmalution
cm.punk,summerraewwe
cm.punk,noellefoley
cm.punk,macklemore
cm.punk,chrisjerichofozzy
kingsamjonesiii,johnny
kingsamjonesiii,birdman5star
kingsamjonesiii,sbstunts
romanatwood,surfingmagazine
romanatwood,jeromejarre
romanatwood,officiallysteveo
romanatwood,jessewelle
nbcnews,barackobama
goaliemaster37,minnesotawild
factsdaily,onesimplediary
factsdaily,thebesttscenes
factsdaily,ifunnymeme
factsdaily,worldrecordss
idaaztor,ig_weightloss
idaaztor,paigehathaway
corkswag,macklemore
eonline,brodyjenner
eonline,robinthicke
eonline,macklemore
eonline,sophiabush
eonline,anselelgort
eonline,glassofwhiskey
eonline,mariamenounos
eonline,niallhoran
eonline,nayarivera
eonline,channingtatum
eonline,normancook
eonline,selenagomez
eonline,lindsaylohan
eonline,thebriebella
eonline,thenikkibella
eonline,iansomerhalder
eonline,treysongz
eonline,barackobama
eonline,daniellejonas
eonline,lenadunham
eonline,stacykeibler
eonline,playboy
eonline,nbcnews
pirategrayson,andreaschoice
pirategrayson,jessewelle
pirategrayson,marcusbutler
pirategrayson,tymoss
pirategrayson,chazortiz
johnnyklinger,flashbackintime
johnnyklinger,brinamberlee
johnnyklinger,tymoss
johnnyklinger,jessewelle
johnnyklinger,playboy
johnnyklinger,shecks
johnnyklinger,chanelwestcoast
johnnyklinger,steviewilliams
johnnyklinger,kinggoldchains
johnnyklinger,chazortiz
tymoss,johnnyklinger
tymoss,nikesb
tymoss,shecks
tymoss,raywilliamjohnson
tymoss,steviewilliams
tymoss,robdyrdek
tymoss,jessewelle
tymoss,chazortiz
tymoss,pirategrayson
headcase220,dringenberg
valentin_av,bryangvargas
valentin_av,johnnytatt
valentin_av,fredfrost
valentin_av,sirtwice
valentin_av,antthaxton
valentin_av,numb_the_no_city_don
valentin_av,sergiosanchezart
valentin_av,nspired1
valentin_av,jamesstrickland
valentin_av,saul_tat2
valentin_av,dringenberg
valentin_av,romantattoos
valentin_av,oropeza_ray
valentin_av,gilbertsalas
valentin_av,cyklone
valentin_av,bobbytribal
valentin_av,paulwallbaby
valentin_av,nikkohurtado
valentin_av,mackotattoo
valentin_av,joselopez_lowridertattoo
valentin_av,danielrochatat2
valentin_av,josh_duffy
valentin_av,fernie_andrade
valentin_av,bobby_serna
valentin_av,alanpadillaart
valentin_av,abeyalvarez
cyklone,nspired1
cyklone,robdyrdek
cyklone,sergiosanchezart
cyklone,anacheri
cyklone,mexicangueys
cyklone,techimmortal
cyklone,mathurtado
cyklone,chanelwestcoast
cyklone,gilbertsalas
cyklone,brass305
cyklone,nikkohurtado
cyklone,ironeyeretna
cyklone,johnnytatt
cyklone,tattooartistmagazine
cyklone,sirtwice
cyklone,saul_tat2
cyklone,numb_the_no_city_don
cyklone,romantattoos
cyklone,oropeza_ray
cyklone,justene_j
cyklone,danielrochatat2
cyklone,josh_duffy
cyklone,joselopez_lowridertattoo
cyklone,abeyalvarez
cyklone,inkvaders
cyklone,mackotattoo
cyklone,fernie_andrade
cyklone,dringenberg
cyklone,bobbytribal
cyklone,alanpadillaart
bryangvargas,numb_the_no_city_don
bryangvargas,josh_duffy
bryangvargas,sirtwice
bryangvargas,abeyalvarez
bryangvargas,timothyboor
bryangvargas,oropeza_ray
bryangvargas,gilbertsalas
bryangvargas,nemoe_tattoos
bryangvargas,saul_tat2
bryangvargas,sergiosanchezart
bryangvargas,fernie_andrade
bryangvargas,romantattoos
bryangvargas,mathurtado
bryangvargas,alanpadillaart
bryangvargas,valentin_av
bryangvargas,bobby_serna
bryangvargas,joselopez_lowridertattoo
bryangvargas,nikkohurtado
bryangvargas,danielrochatat2
gilbertsalas,bryangvargas
danielrochatat2,bryangvargas
awesomehogan,abeyalvarez
awesomehogan,robdyrdek
awesomehogan,westcoastcustoms
awesomehogan,mackotattoo
awesomehogan,danielrochatat2
awesomehogan,timothyboor
awesomehogan,jamesstrickland
awesomehogan,fernie_andrade
awesomehogan,alanpadillaart
awesomehogan,sergiosanchezart
awesomehogan,dringenberg
awesomehogan,josh_duffy
awesomehogan,nikkohurtado
awesomehogan,romantattoos
johnnytatt,bale_porvida
johnnytatt,danielrochatat2
johnnytatt,valentin_av
johnnytatt,sergiosanchezart
johnnytatt,abeyalvarez
johnnytatt,gilbertsalas
johnnytatt,nspired1
johnnytatt,alanpadillaart
johnnytatt,dringenberg
johnnytatt,jamesstrickland
johnnytatt,mackotattoo
johnnytatt,joselopez_lowridertattoo
johnnytatt,josh_duffy
johnnytatt,nikkohurtado
johnnytatt,fernie_andrade
johnnytatt,quincy
johnnytatt,romantattoos
bale_porvida,abeyalvarez
bale_porvida,johnnytatt
bale_porvida,josh_duffy
bale_porvida,fernie_andrade
bale_porvida,mackotattoo
bale_porvida,nikkohurtado
bale_porvida,danielrochatat2
bale_porvida,numb_the_no_city_don
bale_porvida,samtat2
bale_porvida,tattooartistmagazine
bale_porvida,joselopez_lowridertattoo
samtat2,mathurtado
samtat2,jamesstrickland
samtat2,sirtwice
samtat2,josh_duffy
samtat2,sergiosanchezart
samtat2,bale_porvida
samtat2,mackotattoo
samtat2,fernie_andrade
samtat2,alanpadillaart
samtat2,abeyalvarez
mackotattoo,ironeyeretna
mackotattoo,nspired1
mackotattoo,romantattoos
mackotattoo,oropeza_ray
mackotattoo,joselopez_lowridertattoo
mackotattoo,cyklone
mackotattoo,bobby_serna
mackotattoo,abeyalvarez
mackotattoo,josh_duffy
mackotattoo,fernie_andrade
mackotattoo,danielrochatat2
mackotattoo,alanpadillaart
mackotattoo,nikkohurtado
mackotattoo,bobbytribal
mackotattoo,inkvaders
sergiosanchezart,angelbespoke
sergiosanchezart,abeyalvarez
sergiosanchezart,joselopez_lowridertattoo
sergiosanchezart,timothyboor
sergiosanchezart,tattooartistmagazine
sergiosanchezart,gilbertsalas
sergiosanchezart,mathurtado
sergiosanchezart,nspired1
sergiosanchezart,jamesstrickland
sergiosanchezart,danielrochatat2
sergiosanchezart,fernie_andrade
sergiosanchezart,alanpadillaart
sergiosanchezart,mackotattoo
sergiosanchezart,numb_the_no_city_don
sergiosanchezart,nikkohurtado
sergiosanchezart,josh_duffy
sergiosanchezart,nemoe_tattoos
danielrochatat2,bryangvargas
danielrochatat2,oropeza_ray
danielrochatat2,johnnytatt
danielrochatat2,numb_the_no_city_don
danielrochatat2,tattooartistmagazine
danielrochatat2,dringenberg
danielrochatat2,sergiosanchezart
danielrochatat2,joselopez_lowridertattoo
danielrochatat2,valentin_av
danielrochatat2,mackotattoo
danielrochatat2,romantattoos
danielrochatat2,abeyalvarez
danielrochatat2,nspired1
danielrochatat2,fernie_andrade
danielrochatat2,jamesstrickland
danielrochatat2,josh_duffy
danielrochatat2,mathurtado
danielrochatat2,gilbertsalas
danielrochatat2,bobbytribal
danielrochatat2,alanpadillaart
danielrochatat2,nikkohurtado
bigdaddyjaz,josh_duffy
bigdaddyjaz,rampage4real
bigdaddyjaz,tazsangel_ab
bigdaddyjaz,nikkohurtado
bigdaddyjaz,danielrochatat2
bigdaddyjaz,msdeniise
bigdaddyjaz,tomtilden
bigdaddyjaz,romantattoos
bigdaddyjaz,tattooartistmagazine
bigdaddyjaz,abeyalvarez
bigdaddyjaz,dringenberg
paulwallbaby,espn
paulwallbaby,bobbytribal
paulwallbaby,samhookmusic
paulwallbaby,robdyrdek
paulwallbaby,ciphasounds
paulwallbaby,anthonyanderson
paulwallbaby,deraydavis
paulwallbaby,shecks
paulwallbaby,coreyborner24
paulwallbaby,robinthicke
paulwallbaby,richhomiequan
paulwallbaby,georgelopez
paulwallbaby,macklemore
paulwallbaby,jmanziel2
paulwallbaby,djmustard
paulwallbaby,derrtymo
paulwallbaby,houstontexans
paulwallbaby,hopsinson
paulwallbaby,realsway
paulwallbaby,djmrrogers
paulwallbaby,reggiebush
paulwallbaby,fernie_andrade
sirtwice,sergiosanchezart
sirtwice,cyklone
sirtwice,bryangvargas
sirtwice,romantattoos
sirtwice,jamesstrickland
sirtwice,nemoe_tattoos
sirtwice,gilbertsalas
sirtwice,josh_duffy
sirtwice,valentin_av
sirtwice,mackotattoo
sirtwice,numb_the_no_city_don
sirtwice,mathurtado
sirtwice,bobbytribal
sirtwice,bobby_serna
sirtwice,dringenberg
sirtwice,alanpadillaart
sirtwice,saul_tat2
sirtwice,inkvaders
sirtwice,abeyalvarez
sirtwice,nikkohurtado
sirtwice,fernie_andrade
sirtwice,danielrochatat2
sirtwice,joselopez_lowridertattoo
pepwilliams,inkvaders
pepwilliams,bobbytribal
pepwilliams,oropeza_ray
fredfrost,sergiosanchezart
fredfrost,therock
fredfrost,danielrochatat2
fredfrost,jamesstrickland
fredfrost,gilbertsalas
fredfrost,bigdaddyjaz
fredfrost,bobbytribal
fredfrost,joselopez_lowridertattoo
fredfrost,abeyalvarez
fredfrost,numb_the_no_city_don
fredfrost,romantattoos
fredfrost,nikkohurtado
fredfrost,mackotattoo
fredfrost,valentin_av
fredfrost,fernie_andrade
abeyalvarez,bobby_serna
abeyalvarez,saul_tat2
abeyalvarez,cyklone
abeyalvarez,tattooartistmagazine
abeyalvarez,adrianalima
abeyalvarez,valentin_av
abeyalvarez,nspired1
abeyalvarez,timothyboor
abeyalvarez,sirtwice
abeyalvarez,numb_the_no_city_don
abeyalvarez,ironeyeretna
abeyalvarez,pepwilliams
abeyalvarez,oropeza_ray
abeyalvarez,mathurtado
abeyalvarez,jamesstrickland
abeyalvarez,selfmaderyan
abeyalvarez,sergiosanchezart
abeyalvarez,danielrochatat2
abeyalvarez,samtat2
abeyalvarez,joselopez_lowridertattoo
abeyalvarez,romantattoos
abeyalvarez,nikkohurtado
abeyalvarez,gilbertsalas
abeyalvarez,fernie_andrade
abeyalvarez,bigdaddyjaz
abeyalvarez,josh_duffy
abeyalvarez,mackotattoo
abeyalvarez,alanpadillaart
tattooartistmagazine,sergiosanchezart
tattooartistmagazine,jamesstrickland
tattooartistmagazine,danielrochatat2
tattooartistmagazine,josh_duffy
tattooartistmagazine,bigdaddyjaz
tattooartistmagazine,mackotattoo
tattooartistmagazine,dringenberg
tattooartistmagazine,nikkohurtado
saul_tat2,gilbertsalas
saul_tat2,nspired1
saul_tat2,sergiosanchezart
saul_tat2,poobear
saul_tat2,numb_the_no_city_don
saul_tat2,abeyalvarez
saul_tat2,hugui81
saul_tat2,nemoe_tattoos
saul_tat2,bryangvargas
saul_tat2,paulwallbaby
saul_tat2,danielrochatat2
saul_tat2,sirtwice
saul_tat2,josh_duffy
saul_tat2,nikkohurtado
saul_tat2,valentin_av
nemoe_tattoos,ironeyeretna
nemoe_tattoos,nspired1
nemoe_tattoos,anacheri
nemoe_tattoos,justene_j
nemoe_tattoos,valentin_av
nemoe_tattoos,saul_tat2
nemoe_tattoos,bryangvargas
nemoe_tattoos,sirtwice
nemoe_tattoos,numb_the_no_city_don
nemoe_tattoos,dringenberg
nemoe_tattoos,abeyalvarez
nemoe_tattoos,danielrochatat2
nemoe_tattoos,josh_duffy
nemoe_tattoos,nigelsylvester
nemoe_tattoos,sergiosanchezart
nemoe_tattoos,gilbertsalas
nemoe_tattoos,alanpadillaart
nemoe_tattoos,nikkohurtado
nemoe_tattoos,bobbytribal
nemoe_tattoos,fernie_andrade
nemoe_tattoos,bobby_serna
tomtilden,timothyboor
tomtilden,mackotattoo
tomtilden,romantattoos
tomtilden,inkvaders
tomtilden,numb_the_no_city_don
tomtilden,josh_duffy
tomtilden,dringenberg
tomtilden,jamesstrickland
tomtilden,nikkohurtado
tomtilden,fernie_andrade
gilbertsalas,bryangvargas
gilbertsalas,johnnytatt
gilbertsalas,easymoneysniper
gilbertsalas,sergiosanchezart
gilbertsalas,nemoe_tattoos
gilbertsalas,numb_the_no_city_don
gilbertsalas,danielrochatat2
gilbertsalas,fernie_andrade
gilbertsalas,abeyalvarez
gilbertsalas,jamesstrickland
gilbertsalas,mackotattoo
gilbertsalas,josh_duffy
gilbertsalas,nikkohurtado
gilbertsalas,alanpadillaart
timothyboor,joselopez_lowridertattoo
timothyboor,abeyalvarez
timothyboor,sergiosanchezart
timothyboor,jamesstrickland
timothyboor,mathurtado
timothyboor,mackotattoo
timothyboor,fernie_andrade
timothyboor,bobby_serna
timothyboor,romantattoos
timothyboor,alanpadillaart
timothyboor,josh_duffy
timothyboor,danielrochatat2
timothyboor,nikkohurtado
mathurtado,samtat2
mathurtado,tattooartistmagazine
mathurtado,nspired1
mathurtado,fernie_andrade
mathurtado,abeyalvarez
mathurtado,timothyboor
mathurtado,sergiosanchezart
mathurtado,romantattoos
mathurtado,joselopez_lowridertattoo
mathurtado,josh_duffy
mathurtado,danielrochatat2
mathurtado,alanpadillaart
mathurtado,nikkohurtado
oropeza_ray,josh_duffy
oropeza_ray,birdman5star
oropeza_ray,bryangvargas
oropeza_ray,romantattoos
oropeza_ray,abeyalvarez
oropeza_ray,danielrochatat2
oropeza_ray,shecks
oropeza_ray,pepwilliams
oropeza_ray,bobbytribal
oropeza_ray,alanpadillaart
oropeza_ray,valentin_av
oropeza_ray,mackotattoo
oropeza_ray,bobby_serna
oropeza_ray,joselopez_lowridertattoo
oropeza_ray,fernie_andrade
joselopez_lowridertattoo,oropeza_ray
joselopez_lowridertattoo,garyvee
joselopez_lowridertattoo,kaws
joselopez_lowridertattoo,inkvaders
joselopez_lowridertattoo,barackobama
joselopez_lowridertattoo,anthonyanderson
joselopez_lowridertattoo,jvalentine1
joselopez_lowridertattoo,shaycarl
joselopez_lowridertattoo,raywilliamjohnson
joselopez_lowridertattoo,wex1200
joselopez_lowridertattoo,johnny
joselopez_lowridertattoo,dudeitsdamsel
joselopez_lowridertattoo,mathurtado
joselopez_lowridertattoo,paulwallbaby
joselopez_lowridertattoo,justene_j
joselopez_lowridertattoo,larryfisherman
joselopez_lowridertattoo,nspired1
joselopez_lowridertattoo,mackotattoo
joselopez_lowridertattoo,bobby_serna
joselopez_lowridertattoo,danielrochatat2
joselopez_lowridertattoo,blakegriffin32
joselopez_lowridertattoo,dringenberg
joselopez_lowridertattoo,playboy
joselopez_lowridertattoo,romantattoos
joselopez_lowridertattoo,nikkohurtado
joselopez_lowridertattoo,josh_duffy
joselopez_lowridertattoo,bobbytribal
joselopez_lowridertattoo,fernie_andrade
joselopez_lowridertattoo,alanpadillaart
joselopez_lowridertattoo,abeyalvarez
bobby_serna,abeyalvarez
bobby_serna,gilbertsalas
bobby_serna,jamesstrickland
bobby_serna,antthaxton
bobby_serna,easymoneysniper
bobby_serna,kinggoldchains
bobby_serna,romantattoos
bobby_serna,paulwallbaby
bobby_serna,oropeza_ray
bobby_serna,mackotattoo
bobby_serna,valentin_av
bobby_serna,fernie_andrade
bobby_serna,danielrochatat2
bobby_serna,nikkohurtado
bobby_serna,josh_duffy
bobby_serna,dringenberg
numb_the_no_city_don,nemoe_tattoos
numb_the_no_city_don,sergiosanchezart
numb_the_no_city_don,abeyalvarez
numb_the_no_city_don,timothyboor
numb_the_no_city_don,bobbytribal
numb_the_no_city_don,romantattoos
numb_the_no_city_don,gilbertsalas
numb_the_no_city_don,mackotattoo
numb_the_no_city_don,valentin_av
numb_the_no_city_don,oropeza_ray
numb_the_no_city_don,alanpadillaart
numb_the_no_city_don,joselopez_lowridertattoo
numb_the_no_city_don,jamesstrickland
numb_the_no_city_don,danielrochatat2
numb_the_no_city_don,josh_duffy
numb_the_no_city_don,fernie_andrade
numb_the_no_city_don,nikkohurtado
bobbytribal,ironeyeretna
bobbytribal,pepwilliams
bobbytribal,oropeza_ray
bobbytribal,nspired1
bobbytribal,danielrochatat2
bobbytribal,joselopez_lowridertattoo
bobbytribal,mackotattoo
bobbytribal,alanpadillaart
bobbytribal,inkvaders
romantattoos,rampage4real
romantattoos,kidred
romantattoos,chanelwestcoast
romantattoos,sbstunts
romantattoos,bobbytribal
romantattoos,oropeza_ray
romantattoos,awesomehogan
romantattoos,numb_the_no_city_don
romantattoos,josh_duffy
romantattoos,tattooartistmagazine
romantattoos,joselopez_lowridertattoo
romantattoos,abeyalvarez
romantattoos,danielrochatat2
romantattoos,mackotattoo
romantattoos,alanpadillaart
romantattoos,mathurtado
romantattoos,jamesstrickland
romantattoos,valentin_av
romantattoos,johnnytatt
romantattoos,fernie_andrade
romantattoos,bigdaddyjaz
romantattoos,nspired1
romantattoos,nikkohurtado
antthaxton,romeolacoste
antthaxton,blakegriffin32
antthaxton,sbstunts
antthaxton,jamesstrickland
antthaxton,facetstudio
antthaxton,johnnytatt
antthaxton,josh_duffy
antthaxton,gilbertsalas
antthaxton,barackobama
antthaxton,birdman5star
antthaxton,bobby_serna
antthaxton,oropeza_ray
antthaxton,djmustard
antthaxton,valentin_av
antthaxton,exclusivegame
antthaxton,abeyalvarez
antthaxton,joselopez_lowridertattoo
antthaxton,romantattoos
antthaxton,easymoneysniper
antthaxton,fernie_andrade
antthaxton,nikkohurtado
antthaxton,alanpadillaart
antthaxton,mackotattoo
antthaxton,dringenberg
nspired1,saul_tat2
nspired1,spiketv
nspired1,abeyalvarez
nspired1,mathurtado
nspired1,mackotattoo
nspired1,sergiosanchezart
nspired1,tattooartistmagazine
nspired1,numb_the_no_city_don
nspired1,valentin_av
nspired1,josh_duffy
nspired1,jamesstrickland
nspired1,fernie_andrade
nspired1,danielrochatat2
nspired1,skyhighatrist
nspired1,alanpadillaart
nspired1,nikkohurtado
nspired1,bobbytribal
josh_duffy,gilbertsalas
josh_duffy,numb_the_no_city_don
josh_duffy,sergiosanchezart
josh_duffy,jamesstrickland
josh_duffy,valentin_av
josh_duffy,samtat2
josh_duffy,abeyalvarez
josh_duffy,romantattoos
josh_duffy,mackotattoo
josh_duffy,fernie_andrade
josh_duffy,alanpadillaart
josh_duffy,timothyboor
josh_duffy,mathurtado
josh_duffy,danielrochatat2
josh_duffy,nikkohurtado
fernie_andrade,cyklone
fernie_andrade,tomtilden
fernie_andrade,sergiosanchezart
fernie_andrade,saul_tat2
fernie_andrade,oropeza_ray
fernie_andrade,joselopez_lowridertattoo
fernie_andrade,romantattoos
fernie_andrade,numb_the_no_city_don
fernie_andrade,bobby_serna
fernie_andrade,timothyboor
fernie_andrade,valentin_av
fernie_andrade,abeyalvarez
fernie_andrade,jamesstrickland
fernie_andrade,paulwallbaby
fernie_andrade,gilbertsalas
fernie_andrade,bobbytribal
fernie_andrade,mackotattoo
fernie_andrade,nikkohurtado
fernie_andrade,josh_duffy
fernie_andrade,danielrochatat2
fernie_andrade,alanpadillaart
brass305,nikkohurtado
brass305,atcmia
brass305,mackotattoo
brass305,tattooartistmagazine
brass305,fernie_andrade
jamesstrickland,joselopez_lowridertattoo
jamesstrickland,robdyrdek
jamesstrickland,monsterenergy
jamesstrickland,surfingmagazine
jamesstrickland,timothyboor
jamesstrickland,tattooartistmagazine
jamesstrickland,playboy
jamesstrickland,therock
jamesstrickland,shecks
jamesstrickland,numb_the_no_city_don
jamesstrickland,sergiosanchezart
jamesstrickland,mackotattoo
jamesstrickland,romantattoos
jamesstrickland,gilbertsalas
jamesstrickland,danielrochatat2
jamesstrickland,dringenberg
jamesstrickland,fernie_andrade
jamesstrickland,mathurtado
jamesstrickland,josh_duffy
jamesstrickland,nspired1
jamesstrickland,alanpadillaart
jamesstrickland,nikkohurtado
alanpadillaart,mexicangueys
alanpadillaart,easymoneysniper
alanpadillaart,justene_j
alanpadillaart,spiketv
alanpadillaart,nemoe_tattoos
alanpadillaart,shecks
alanpadillaart,valentin_av
alanpadillaart,selfmaderyan
alanpadillaart,glassofwhiskey
alanpadillaart,bobby_serna
alanpadillaart,sergiosanchezart
alanpadillaart,oropeza_ray
alanpadillaart,samtat2
alanpadillaart,joselopez_lowridertattoo
alanpadillaart,romantattoos
alanpadillaart,inkvaders
alanpadillaart,cyklone
alanpadillaart,abeyalvarez
alanpadillaart,dringenberg
alanpadillaart,fernie_andrade
alanpadillaart,jamesstrickland
alanpadillaart,playboy
alanpadillaart,josh_duffy
alanpadillaart,timothyboor
alanpadillaart,nspired1
alanpadillaart,gilbertsalas
alanpadillaart,mackotattoo
alanpadillaart,danielrochatat2
alanpadillaart,bobbytribal
alanpadillaart,mathurtado
nikkohurtado,glassofwhiskey
nikkohurtado,sergiosanchezart
nikkohurtado,mackotattoo
nikkohurtado,joselopez_lowridertattoo
nikkohurtado,romantattoos
nikkohurtado,fernie_andrade
nikkohurtado,josh_duffy
nikkohurtado,alanpadillaart
nikkohurtado,danielrochatat2
nikkohurtado,mathurtado
dringenberg,headcase220
dringenberg,cyklone
dringenberg,bigdaddyjaz
dringenberg,tomtilden
dringenberg,brass305
inkvaders,tattooartistmagazine
inkvaders,dringenberg
inkvaders,sirtwice
inkvaders,josh_duffy
inkvaders,abeyalvarez
inkvaders,pepwilliams
inkvaders,fernie_andrade
inkvaders,joselopez_lowridertattoo
inkvaders,alanpadillaart
inkvaders,nikkohurtado
inkvaders,mackotattoo
inkvaders,bobbytribal
antthaxton,inkvaders
willianborges88,kinggoldchains
mls,jmanziel2
mls,espn
gotzemario,channingtatum
gotzemario,kinggoldchains
gotzemario,treysongz
gotzemario,barackobama
skydoesstuff,marcusjohns
skydoesstuff,shaycarl
skydoesstuff,officiallysteveo
skydoesstuff,tobuscus
skydoesstuff,bajancanadian
cescf4bregas,willianborges88
cescf4bregas,ilaughedatthat
lukam10,lordposts
mchalmers15,panthers
mchalmers15,skydigg4
celtics,packers
celtics,miamidolphins
celtics,macklemore
celtics,mariamenounos
celtics,espn
celtics,blakegriffin32
celtics,eonline
celtics,barackobama
celtics,philadelphiaeagles
celtics,kcchiefs
soccerdotcom,mls
soccerdotcom,gotzemario
soccerdotcom,manchesterunited
soccerdotcom,espn
soccerdotcom,lukam10
soccerdotcom,cescf4bregas
soccerdotcom,adidasneolabel
latinopride,mexicangueys
sophiabush,garyvee
sophiabush,lenadunham
sophiabush,glassofwhiskey
mrkatyperry,zacharayy
mrkatyperry,gagagallery
my_hartbig,marcusbutler
my_hartbig,joeygraceffa
lolwhoran,camera_duels
lolwhoran,camila_cabello
lolwhoran,anselelgort
lolwhoran,realbarbarapalvin
lolwhoran,namelessgem
lolwhoran,danababy97
lolwhoran,selenagomez
lolwhoran,eleanorj92
lolwhoran,joeygraceffa
lolwhoran,calumhood
lolwhoran,f3licitetomlinson
lolwhoran,hookedonemma
lolwhoran,shaycarl
lolwhoran,perksofbeingachickenugget
lolwhoran,zacharayy
lolwhoran,littlemixofficial
lolwhoran,fakelimanpayne
lolwhoran,niallhoran
mullingayer,lolwhoran
surfingmagazine,surfer_magazine
surfingmagazine,monsterenergy
surfingmagazine,lukedavisthegrey
thehoonigans,kane_sheckler
thehoonigans,zumiez
thehoonigans,monsterenergy
sexualaughs,selenagomez
sexualaughs,bewhoiam
sexualaughs,tampoons
sexualaughs,codysimpson
sexualaughs,bieberscene
sexualaughs,perfectly.pink
sexualaughs,teenreasonstosmile
msdeniise,starino
msdeniise,deraydavis
msdeniise,fiendbassy
msdeniise,ice_marrow
msdeniise,djmobeatz
msdeniise,quincy
samhookmusic,hood2go
samhookmusic,paulwallbaby
samhookmusic,treysongz
samhookmusic,djmustard
samhookmusic,shawnsuggs
samhookmusic,kidred
nicolekhalil,lolliecakez
fadedlifestyle,glenhartless
fadedlifestyle,poobear
fadedlifestyle,queenshmink
fadedlifestyle,futuretheprince
fiendbassy,realsway
fiendbassy,msdeniise
fiendbassy,babyginny
fiendbassy,iblondegenius
fiendbassy,futuretheprince
fiendbassy,nigelsylvester
lilbibby_,easymoneysniper
lilbibby_,imguddagudda
lilbibby_,realsway
ashley_moore_,hoskelsa
ashley_moore_,lukedavisthegrey
ashley_moore_,jordynwoods
ashley_moore_,gigihadid
ashley_moore_,haileybaldwin
ashley_moore_,phoebejtonkin
missobagi,hood2go
missobagi,usweekly
missobagi,selenagomez
missobagi,gigihadid
missobagi,poobear
missobagi,birdman5star
missobagi,realbarbarapalvin
missobagi,eonline
missobagi,kinggoldchains
djruckusofficial,brodyjenner
djruckusofficial,theelcartel
djruckusofficial,steviewilliams
djruckusofficial,dennistodisco
djruckusofficial,ironeyeretna
djruckusofficial,sarahstage
djruckusofficial,cedricgervais
djruckusofficial,ciphasounds
djruckusofficial,jasonstrauss
djruckusofficial,mrmauricio
djruckusofficial,quincy
djruckusofficial,liljon
djruckusofficial,djchuckie
starino,djruckusofficial
poobear,judahsmith
poobear,saul_tat2
poobear,markthemogul
poobear,johnny
poobear,mallymall
djmrrogers,sydofwgkta
djmrrogers,clubcrisis
djmrrogers,paulwallbaby
djmrrogers,hood2go
djmrrogers,nikkohurtado
djmrrogers,deraydavis
djmrrogers,djmustard
djmrrogers,deionsandersjr
djmrrogers,djmobeatz
djmrrogers,kinggoldchains
djmrrogers,dennistodisco
mallymall,brodyjenner
mallymall,paigehathaway
mallymall,quincy
mallymall,johnny
mallymall,robdyrdek
mallymall,birdman5star
mallymall,justinbieberfans
mallymall,exclusivegame
mallymall,shecks
mallymall,nataliehalcro
mallymall,realsway
mallymall,andreaschoice
mallymall,evelynlozada
mallymall,shanieceh
mallymall,selfmaderyan
mallymall,hood2go
mallymall,djmustard
mallymall,kidred
mallymall,nikkohurtado
mallymall,heat_herm
mallymall,poobear
mallymall,facetstudio
mallymall,lolliecakez
mallymall,kinggoldchains
mallymall,futuretheprince
mrmauricio,thundercup
mrmauricio,liljon
mrmauricio,djruckusofficial
mikeposner,quincy
mikeposner,barackobama
markthemogul,hugui81
markthemogul,johnny
markthemogul,poobear
markthemogul,iblondegenius
markthemogul,clubcrisis
markthemogul,primoisfocused
markthemogul,treysongz
dennistodisco,sarahstage
dennistodisco,meetjulian
dennistodisco,wex1200
dennistodisco,djmrrogers
dennistodisco,keepitjedi
dennistodisco,kaws
dennistodisco,nigelsylvester
johnny,maxjr617
johnny,romeolacoste
johnny,klarity
johnny,fadedlifestyle
johnny,jeromejarre
johnny,garyvee
johnny,jordynwoods
johnny,haileybaldwin
johnny,selenagomez
johnny,markthemogul
johnny,poobear
johnny,hugui81
keepitjedi,surfingmagazine
keepitjedi,dennistodisco
keepitjedi,soapmanwun
keepitjedi,spitfirewheels
rickyharris5,jmanziel2
rickyharris5,catdagreat
rickyharris5,tazsangel_ab
rickyharris5,ravens
rickyharris5,russwest44
rickyharris5,celtics
rickyharris5,skydigg4
rickyharris5,evelynlozada
rickyharris5,blakegriffin32
rickyharris5,barackobama
rickyharris5,easymoneysniper
ice_marrow,sarahstage
ice_marrow,jmanziel2
ice_marrow,nataliehalcro
ice_marrow,birdman5star
ice_marrow,mabelynncapeluj
ice_marrow,nikesb
ice_marrow,tazsangel_ab
ice_marrow,justene_j
ice_marrow,chanelwestcoast
ice_marrow,theelcartel
ice_marrow,catdagreat
ice_marrow,shecks
ice_marrow,exclusivegame
ice_marrow,lolliecakez
ice_marrow,hood2go
ice_marrow,msdeniise
quincy,futuretheprince
quincy,nikkohurtado
quincy,therock
quincy,starino
quincy,onepiece
quincy,mikeposner
quincy,neima_pinkdolphin
quincy,invisiblebully_
quincy,msdeniise
quincy,jvalentine1
badrabbits,darrellerevis24
badrabbits,representclo
badrabbits,realsway
badrabbits,glassofwhiskey
badrabbits,russwest44
badrabbits,easymoneysniper
badrabbits,edelman11
badrabbits,the1975
badrabbits,vevo
badrabbits,macklemore
badrabbits,nayarivera
badrabbits,espn
badrabbits,chazortiz
badrabbits,biggangvh1
badrabbits,officialsarajay
badrabbits,tiesto
badrabbits,brianlogandales
badrabbits,mikeposner
badrabbits,birdman5star
badrabbits,sydofwgkta
badrabbits,liljon
badrabbits,soapmanwun
badrabbits,thefifthjohn
badrabbits,larryfisherman
badrabbits,steviewilliams
badrabbits,celtics
badrabbits,treysongz
badrabbits,surfer_magazine
badrabbits,kinggoldchains
badrabbits,playboy
badrabbits,themuska
badrabbits,chanelwestcoast
badrabbits,kr3wdenim
badrabbits,dennistodisco
babyginny,gigihadid
babyginny,fiendbassy
babyginny,kaws
djdiamondkuts,realsway
djdiamondkuts,tiesto
djdiamondkuts,djmustard
djdiamondkuts,clubcrisis
djdiamondkuts,ilaughedatthat
djdiamondkuts,rememberdisneyx
djdiamondkuts,barackobama
djdiamondkuts,exclusivegame
djdiamondkuts,djmobeatz
djmobeatz,djmustard
djmobeatz,skyferreira
djmobeatz,wex1200
djmobeatz,djdiamondkuts
djmobeatz,djmrrogers
djmobeatz,msdeniise
iblondegenius,bellatheaussie
iblondegenius,shanieceh
iblondegenius,evelynlozada
iblondegenius,markthemogul
iblondegenius,facetstudio
iblondegenius,ciphasounds
iblondegenius,futuretheprince
iblondegenius,fiendbassy
iblondegenius,easymoneysniper
iblondegenius,babyginny
iblondegenius,nigelsylvester
primoisfocused,poobear
primoisfocused,derrtymo
primoisfocused,tazsangel_ab
primoisfocused,evelynlozada
primoisfocused,easymoneysniper
primoisfocused,markthemogul
clubcrisis,poobear
clubcrisis,djmrrogers
clubcrisis,djdiamondkuts
clubcrisis,markthemogul
clubcrisis,birdman5star
clubcrisis,macklemore
clubcrisis,futuretheprince
clubcrisis,easymoneysniper
lolliecakez,nicolekhalil
lolliecakez,tazsangel_ab
lolliecakez,catdagreat
djfolk,birdman5star
ayeshaawty,twittels
ayeshaawty,shecks
gigihadid,hayden_williams
gigihadid,realbarbarapalvin
gigihadid,haileybaldwin
gigihadid,selenagomez
gigihadid,codysimpson
gigihadid,brodyjenner
steviewilliams,invisiblebully_
steviewilliams,footaction
steviewilliams,nicktucker
steviewilliams,themuska
steviewilliams,robdyrdek
steviewilliams,chazortiz
steviewilliams,exclusivegame
steviewilliams,djruckusofficial
steviewilliams,bigbillyclark
steviewilliams,derrtymo
steviewilliams,bria_murphy
steviewilliams,liljon
steviewilliams,nigelsylvester
steviewilliams,shecks
habeshaqueens,andreaschoice
bria_murphy,fitgirlsworldwide
bria_murphy,ironeyeretna
bria_murphy,nikkohurtado
bria_murphy,romantattoos
bria_murphy,hayden_williams
darrellerevis24,nigelsylvester
darrellerevis24,coreyborner24
bigbillyclark,brantdaugherty
bigbillyclark,skyferreira
bigbillyclark,davidhenrie
bigbillyclark,jmanziel2
bigbillyclark,poobear
bigbillyclark,daltonjackson
bigbillyclark,judahsmith
bigbillyclark,skydigg4
bigbillyclark,rampage4real
bigbillyclark,lindsaylohan
bigbillyclark,willsasso
bigbillyclark,hoskelsa
bigbillyclark,cindyprado
bigbillyclark,donialuvsu
bigbillyclark,ciphasounds
bigbillyclark,anacheri
bigbillyclark,mcgregor_ewan
bigbillyclark,charlottegshore
bigbillyclark,littlemixofficial
bigbillyclark,fivefour
bigbillyclark,vevo
bigbillyclark,trishstratuscom
bigbillyclark,rosannaarkle
bigbillyclark,ashley_moore_
bigbillyclark,fallontonight
bigbillyclark,tishcyrus
bigbillyclark,chanelwestcoast
bigbillyclark,mallymall
bigbillyclark,therealfrancia
bigbillyclark,edelman11
bigbillyclark,sophiabush
bigbillyclark,selfmaderyan
bigbillyclark,derrtymo
bigbillyclark,jasonstrauss
bigbillyclark,mikeposner
bigbillyclark,lancemoore16
bigbillyclark,realsway
bigbillyclark,marcusjohns
bigbillyclark,jaquieohh
bigbillyclark,nataliehalcro
bigbillyclark,shawnsuggs
bigbillyclark,theelcartel
bigbillyclark,therock
bigbillyclark,iansomerhalder
bigbillyclark,denizduygulu
bigbillyclark,gigihadid
bigbillyclark,robinthicke
bigbillyclark,reggiebush
bigbillyclark,katgrahampics
bigbillyclark,nayarivera
bigbillyclark,easymoneysniper
bigbillyclark,adrianalima
bigbillyclark,realbarbarapalvin
bigbillyclark,catdagreat
bigbillyclark,sarahstage
bigbillyclark,paigehathaway
bigbillyclark,jvalentine1
bigbillyclark,justjared
bigbillyclark,jokuk
bigbillyclark,haileybaldwin
bigbillyclark,tiesto
bigbillyclark,macklemore
bigbillyclark,shecks
bigbillyclark,steviewilliams
bigbillyclark,larryfisherman
bigbillyclark,quincy
bigbillyclark,codysimpson
bigbillyclark,hollandroden
bigbillyclark,glassofwhiskey
bigbillyclark,blakegriffin32
bigbillyclark,liljon
bigbillyclark,usweekly
bigbillyclark,channingtatum
bigbillyclark,iamquddus
bigbillyclark,samhookmusic
bigbillyclark,barackobama
bigbillyclark,eonline
bigbillyclark,treysongz
bigbillyclark,playboy
bigbillyclark,robdyrdek
bigbillyclark,kinggoldchains
shawnsuggs,bigbillyclark
shawnsuggs,samhookmusic
shawnsuggs,spingalnichelle
shawnsuggs,neima_pinkdolphin
shawnsuggs,adamgoldston
evelynlozada,sarahstage
evelynlozada,derrtymo
evelynlozada,sephora
evelynlozada,fitgirlsworldwide
evelynlozada,paigehathaway
evelynlozada,usweekly
evelynlozada,theevanitydiary
evelynlozada,dritadavanzoladyboss
evelynlozada,shanieceh
evelynlozada,birdman5star
evelynlozada,johnny
dylan_dyamond,westcoastcustoms
jvalentine1,quincy
westcoastcustoms,djmustard
westcoastcustoms,kinggoldchains
shecks,nigelsylvester
shecks,paulwallbaby
shecks,volcomskate
shecks,romantattoos
shecks,gasmonkeygarage
shecks,easymoneysniper
shecks,oropeza_ray
shecks,blakegriffin32
shecks,therealrickiefowler
shecks,birdman5star
shecks,playboy
shecks,nikkohurtado
shecks,mallymall
shecks,brodyjenner
shecks,chanelwestcoast
shecks,robdyrdek
shecks,kane_sheckler
shecks,kinggoldchains
shecks,chazortiz
nigelsylvester,easymoneysniper
nigelsylvester,darrellerevis24
nigelsylvester,cultcrew
nigelsylvester,danscompinstagram
nigelsylvester,realsway
nigelsylvester,nikesb
nigelsylvester,fiendbassy
nigelsylvester,shecks
nigelsylvester,steviewilliams
nigelsylvester,chazortiz
nigelsylvester,dennistodisco
nigelsylvester,chad_kerley
nigelsylvester,iblondegenius
djchuckie,macklemore
djchuckie,romantattoos
djchuckie,cedricgervais
djchuckie,birdman5star
djchuckie,reggiebush
djchuckie,jasonstrauss
djchuckie,tiesto
djchuckie,liljon
djchuckie,djruckusofficial
spingalnichelle,davidhenrie
spingalnichelle,nayarivera
spingalnichelle,shawnsuggs
angelbespoke,adamgoldston
theelcartel,djruckusofficial
theelcartel,hood2go
theelcartel,derrtymo
theelcartel,chanelwestcoast
theelcartel,rampage4real
anthonyanderson,georgelopez
deraydavis,therock
deraydavis,jvalentine1
deraydavis,brodyjenner
deraydavis,comiclonilove
deraydavis,macklemore
deraydavis,nataliehalcro
deraydavis,realsway
deraydavis,sophiabush
deraydavis,adrianalima
deraydavis,kinggoldchains
deraydavis,skydigg4
deraydavis,msdeniise
deraydavis,mizzhogan
deraydavis,paigehathaway
deraydavis,jaquieohh
deraydavis,rampage4real
deraydavis,shanieceh
deraydavis,sarahstage
deraydavis,tatyanaali
deraydavis,blakegriffin32
deraydavis,robinthicke
deraydavis,reggiebush
deraydavis,treysongz
deraydavis,_kionagarcia
deraydavis,realbarbarapalvin
deraydavis,quincy
deraydavis,easymoneysniper
deraydavis,phoebejtonkin
deraydavis,justene_j
deraydavis,ashley_moore_
deraydavis,facetstudio
deraydavis,channingtatum
realsway,treysongz
realsway,jennijwowwmtv
realsway,easymoneysniper
realsway,ciphasounds
realsway,mariamenounos
realsway,fiendbassy
realsway,tatyanaali
realsway,glassofwhiskey
realsway,lilbibby_
realsway,birdman5star
realsway,evelynlozada
realsway,anthonyanderson
realsway,mallymall
realsway,barackobama
realsway,robinthicke
realsway,richhomiequan
richhomiequan,birdman5star
invisiblebully_,footaction
invisiblebully_,derrtymo
invisiblebully_,russwest44
invisiblebully_,sbstunts
invisiblebully_,easymoneysniper
invisiblebully_,treysongz
invisiblebully_,brodyjenner
invisiblebully_,quincy
treysongz,gigihadid
treysongz,samhookmusic
treysongz,dizzy_fitness
treysongz,facetstudio
treysongz,jessiemorrison
treysongz,nikkohurtado
hgoodspeed,jmanziel2
hgoodspeed,paigehathaway
hgoodspeed,deraydavis
hgoodspeed,easymoneysniper
tatyanaali,deraydavis
tatyanaali,anthonyanderson
iamquddus,tatyanaali
iamquddus,mikeposner
iamquddus,sophiabush
iamquddus,nigelsylvester
iamquddus,katgrahampics
djmustard,derrtymo
djmustard,samhookmusic
djmustard,richhomiequan
djmustard,exclusivegame
djmustard,paulwallbaby
djmustard,sbstunts
djmustard,selfmaderyan
djmustard,romeolacoste
djmustard,mallymall
djmustard,djkidfamous
djmustard,futuretheprince
djmustard,kinggoldchains
djmustard,larryfisherman
djmustard,treysongz
mamakingston1,kinggoldchains
mamakingston1,kidred
mamakingston1,mallymall
mamakingston1,lilbibby_
mamakingston1,macklemore
mamakingston1,hood2go
mamakingston1,birdman5star
mamakingston1,treysongz
mamakingston1,shanieceh
mamakingston1,msdeniise
mamakingston1,neima_pinkdolphin
justene_j,lenadunham
justene_j,larryfisherman
justene_j,ironeyeretna
justene_j,nicktucker
ciphasounds,djmustard
ciphasounds,nikesb
ciphasounds,deraydavis
ciphasounds,treysongz
derrtymo,shanieceh
derrtymo,skydigg4
derrtymo,invisiblebully_
derrtymo,theelcartel
derrtymo,iamchinarenee
derrtymo,paulwallbaby
derrtymo,robinthicke
derrtymo,steviewilliams
derrtymo,facetstudio
adamgoldston,brodyjenner
adamgoldston,angelbespoke
adamgoldston,andreaschoice
adamgoldston,russwest44
adamgoldston,neima_pinkdolphin
adamgoldston,shawnsuggs
kinggoldchains,liljon
kinggoldchains,jordynwoods
kinggoldchains,ironeyeretna
kinggoldchains,imguddagudda
kinggoldchains,selfmaderyan
kinggoldchains,robdyrdek
kinggoldchains,hood2go
kinggoldchains,sbstunts
kinggoldchains,birdman5star
kinggoldchains,djmustard
kinggoldchains,mallymall
wex1200,skyferreira
wex1200,adidasneolabel
wex1200,djmobeatz
wex1200,sarahstage
wex1200,barackobama
wex1200,dennistodisco
mabelynncapeluj,sarahstage
haileybaldwin,danababy97
haileybaldwin,hoskelsa
haileybaldwin,anselelgort
haileybaldwin,calumhood
haileybaldwin,ashley_moore_
haileybaldwin,gigihadid
haileybaldwin,johnny
haileybaldwin,billyunger
haileybaldwin,namelessgem
haileybaldwin,mertalas
haileybaldwin,shawnmendes
haileybaldwin,jackgilinsky
haileybaldwin,the1975
haileybaldwin,nayarivera
haileybaldwin,broganburnside
haileybaldwin,jordynwoods
haileybaldwin,telana11
haileybaldwin,eonline
haileybaldwin,channingtatum
exclusivegame,birdman5star
exclusivegame,nikkohurtado
exclusivegame,facetstudio
exclusivegame,evelynlozada
exclusivegame,poobear
exclusivegame,hood2go
exclusivegame,derrtymo
exclusivegame,djdiamondkuts
exclusivegame,richhomiequan
exclusivegame,steviewilliams
exclusivegame,invisiblebully_
exclusivegame,ice_marrow
exclusivegame,kinggoldchains
cedricgervais,reggiebush
tishcyrus,mertalas
shanieceh,realbarbarapalvin
shanieceh,gigihadid
shanieceh,hayden_williams
shanieceh,nayarivera
shanieceh,lindsaylohan
shanieceh,sarahstage
shanieceh,ashley_moore_
shanieceh,usweekly
shanieceh,evelynlozada
shanieceh,quincy
shanieceh,treysongz
shanieceh,neima_pinkdolphin
shanieceh,eonline
tiesto,hoskelsa
futuretheprince,quincy
futuretheprince,jmanziel2
futuretheprince,birdman5star
futuretheprince,treysongz
futuretheprince,easymoneysniper
futuretheprince,queenshmink
skydigg4,djmustard
skydigg4,realsway
skydigg4,russwest44
skydigg4,adrianalima
skydigg4,birdman5star
skydigg4,robinthicke
skydigg4,derrtymo
skydigg4,blakegriffin32
skydigg4,nayarivera
skydigg4,quincy
skydigg4,easymoneysniper
skydigg4,treysongz
skydigg4,kinggoldchains
skydigg4,barackobama
onepiece,littlemixofficial
onepiece,quincy
lakers_nation_,espn
lakers_nation_,lakers24ever
realbarbarapalvin,calumhood
realbarbarapalvin,niallhoran
russwest44,lindsaylohan
russwest44,richhomiequan
russwest44,barackobama
russwest44,derrtymo
russwest44,selenagomez
russwest44,jmanziel2
russwest44,nipseyhussle
russwest44,therock
russwest44,lordposts
russwest44,espn
russwest44,blakegriffin32
russwest44,fivefour
russwest44,neima_pinkdolphin
russwest44,birdman5star
russwest44,kinggoldchains
russwest44,reggiebush
russwest44,evelynlozada
russwest44,adamgoldston
russwest44,easymoneysniper
brodyjenner,lukedavisthegrey
brodyjenner,surfer_magazine
brodyjenner,liljon
brodyjenner,adamgoldston
brodyjenner,kidred
brodyjenner,therock
brodyjenner,reggiebush
brodyjenner,therealrickiefowler
brodyjenner,gigihadid
jasonstrauss,ashley_moore_
jasonstrauss,reggiebush
jasonstrauss,djruckusofficial
jasonstrauss,stacykeibler
jasonstrauss,barackobama
jasonstrauss,tiesto
jasonstrauss,djchuckie
jasonstrauss,cedricgervais
iamchinarenee,skydigg4
iamchinarenee,derrtymo
iamchinarenee,kinggoldchains
iamchinarenee,sbstunts
iamchinarenee,treysongz
iamchinarenee,barackobama
frost117,birdman5star
frost117,realsway
frost117,evelynlozada
missynev,deraydavis
missynev,paleobakehouse
missynev,ig_weightloss
missynev,shawnmendes
missynev,jennijwowwmtv
missynev,brodyjenner
jeffdauler,stacykeibler
jeffdauler,macklemore
jeffdauler,johnny
jeffdauler,nbcnews
packers,tennesseetitans
packers,raiders
packers,tbbuccaneers
packers,stlouisrams
packers,chargers
packers,philadelphiaeagles
packers,minnesotavikings
packers,miamidolphins
packers,kcchiefs
packers,houstontexans
packers,denverbroncos
packers,panthers
packers,ravens
packers,azcardinals
jmanziel2,brodyjenner
jmanziel2,mike_stud
jmanziel2,skydigg4
jmanziel2,glassofwhiskey
jmanziel2,birdman5star
jmanziel2,coreyborner24
jmanziel2,queenshmink
jmanziel2,russwest44
jmanziel2,futuretheprince
jmanziel2,easymoneysniper
badgleymischka,stacykeibler
tanishalong,glassofwhiskey
tanishalong,badgleymischka
tanishalong,nayarivera
tanishalong,adapt
tanishalong,barackobama
cameronkasper,lordposts
cameronkasper,shawnmendes
cameronkasper,lyciafaith
cameronkasper,jackgilinsky
lyciafaith,cameronkasper
ihaveseenit,instalikesapp_
ihaveseenit,besttext
ihaveseenit,textizer
textizer,instalikesapp_
textizer,ihaveseenit
textizer,besttext
instalikesapp_,ihaveseenit
instalikesapp_,textizer
instalikesapp_,besttext
besttext,ilaughedatthat
besttext,thebesttscenes
besttext,ihaveseenit
besttext,insta_kitten
besttext,factsdaily
besttext,tieks
besttext,textizer
besttext,instalikesapp_
perfectly.pink,fakezachaplin
perfectly.pink,marcusbutler
perfectly.pink,zacharayy
mrspeakthetruth,celtics
drdrea_,selenagomez
drdrea_,tishcyrus
drdrea_,lindsaylohan
drdrea_,chanelwestcoast
drdrea_,chelseahouska
drdrea_,brodyjenner
drdrea_,kinggoldchains
drdrea_,channingtatum
1dir3ctionn,namelessgem
1dir3ctionn,haroldluvme
1dir3ctionn,ahsfreak
1dir3ctionn,niallhoran
riddlelove,jennjohnson20
maddie.47,niallhoran
maddie.47,calumhood
maddie.47,imatthewsherrill
ouch_charlayy,lizgillz
ouch_charlayy,selenagomez
ouch_charlayy,realbarbarapalvin
ouch_charlayy,gigihadid
ouch_charlayy,justjared
ouch_charlayy,lindsaylohan
ouch_charlayy,adrianalima
ouch_charlayy,codysimpson
ouch_charlayy,iansomerhalder
ouch_charlayy,stellahudgens
ouch_charlayy,haileybaldwin
ouch_charlayy,yankees
ouch_charlayy,kinggoldchains
ouch_charlayy,shecks
reebok,carlpaoli
reebok,rampage4real
_savannahbelle_,shawnmendes
_savannahbelle_,realbarbarapalvin
_savannahbelle_,jackgilinsky
_savannahbelle_,codysimpson
_savannahbelle_,selenagomez
_savannahbelle_,niallhoran
_savannahbelle_,anselelgort
_savannahbelle_,haileybaldwin
_savannahbelle_,gigihadid
_savannahbelle_,magcontour
_savannahbelle_,sexualaughs
_savannahbelle_,beaupeterbrooks
_savannahbelle_,imatthewsherrill
_savannahbelle_,rubygreen4
_savannahbelle_,f3licitetomlinson
officiallysteveo,romanatwood
officiallysteveo,surfingmagazine
offroadgirls,supremetrucks
offroadgirls,rednecknmemes
monsterenergy,rampage4real
monsterenergy,zeroskateboards
monsterenergy,nikesb
monsterenergy,thehoonigans
monsterenergy,surfingmagazine
monsterenergy,robdyrdek
monsterenergy,shecks
monsterenergy,mikeposner
monsterenergy,surfer_magazine
monsterenergy,selfmaderyan
monsterenergy,zumiez
monsterenergy,chanelwestcoast
kirstenmorrison_,nayarivera
kirstenmorrison_,haileybaldwin
kirstenmorrison_,ashley_moore_
kirstenmorrison_,lukedavisthegrey
kirstenmorrison_,selenagomez
kirstenmorrison_,johnny
thetruecolour,hayden_williams
hayden_williams,disney
sarahlynnfashion,selenagomez
sarahlynnfashion,normancook
sarahlynnfashion,ayydubs
sarahlynnfashion,sarahlynntea
amyhgreen,niallhoran
amyhgreen,eonline
sarahlynntea,chelseahouska
sarahlynntea,sarahlynnfashion
officialkaelyn,bajancanadian
hood2go,adrianalima
hood2go,imguddagudda
hood2go,missobagi
hood2go,samhookmusic
hood2go,tishcyrus
hood2go,theelcartel
hood2go,ironeyeretna
hood2go,birdman5star
hood2go,paigehathaway
hood2go,facetstudio
hood2go,jordynwoods
hood2go,treysongz
hood2go,richhomiequan
hood2go,exclusivegame
hood2go,poobear
hood2go,jaquieohh
hood2go,witneycarson
hood2go,realronniemagro
hood2go,selenagomez
hood2go,adamgoldston
hood2go,sbstunts
hood2go,shanieceh
hood2go,mamakingston1
hood2go,evelynlozada
hood2go,chanelwestcoast
hood2go,bria_murphy
hood2go,ice_marrow
hood2go,skydigg4
hood2go,heat_herm
hood2go,mallymall
hood2go,nikkohurtado
hood2go,kidred
hood2go,selfmaderyan
hood2go,kinggoldchains
hood2go,lindsaylohan
hood2go,paulwallbaby
hood2go,neima_pinkdolphin
hood2go,deionsandersjr
hood2go,quincy
hood2go,djmustard
coreyborner24,lancemoore16
coreyborner24,darrellerevis24
coreyborner24,jmanziel2
coreyborner24,paulwallbaby
kidred,robdyrdek
kidred,jmanziel2
kidred,facetstudio
kidred,djmustard
kidred,mamakingston1
kidred,espn
kidred,barackobama
kidred,theelcartel
kidred,fadedlifestyle
kidred,macklemore
kidred,mikeposner
kidred,romeolacoste
kidred,romantattoos
kidred,richhomiequan
kidred,kingsamjonesiii
kidred,samhookmusic
kidred,realsway
kidred,derrtymo
kidred,larryfisherman
kidred,mallymall
kidred,hood2go
kidred,kinggoldchains
kidred,nikkohurtado
kidred,brodyjenner
kidred,easymoneysniper
kidred,shanieceh
kidred,neima_pinkdolphin
kidred,jvalentine1
kidred,evelynlozada
deionsandersjr,birdman5star
deionsandersjr,richhomiequan
jessiemorrison,therealfrancia
jessiemorrison,andreaschoice
sbstunts,russwest44
sbstunts,lamborghini
sbstunts,nikkohurtado
sbstunts,easymoneysniper
sbstunts,quincy
sbstunts,romantattoos
sbstunts,kingsamjonesiii
sbstunts,invisiblebully_
sbstunts,neima_pinkdolphin
sbstunts,hood2go
sbstunts,derrtymo
sbstunts,imguddagudda
sbstunts,kinggoldchains
sbstunts,birdman5star
imguddagudda,djmustard
imguddagudda,hood2go
imguddagudda,lilbibby_
imguddagudda,nicolekhalil
imguddagudda,skydigg4
imguddagudda,kidred
imguddagudda,djmrrogers
imguddagudda,sbstunts
imguddagudda,chanelwestcoast
imguddagudda,paulwallbaby
imguddagudda,kinggoldchains
imguddagudda,birdman5star
djkidfamous,imguddagudda
birdman5star,richhomiequan
birdman5star,imguddagudda
birdman5star,shecks
birdman5star,kinggoldchains
birdman5star,sbstunts
birdman5star,treysongz
birdman5star,evelynlozada
birdman5star,djfolk
djkidfamous,imguddagudda
djkidfamous,djmustard
garyvee,sophiabush
garyvee,marcusjohns
garyvee,jeromejarre
adidasneolabel,codysimpson
adidasneolabel,selenagomez
adidasneolabel,usweekly
adidasneolabel,wex1200
hugui81,kidred
hugui81,selfmaderyan
hugui81,realsway
hugui81,jmanziel2
hugui81,birdman5star
hugui81,therock
hugui81,markthemogul
hugui81,easymoneysniper
hugui81,russwest44
hugui81,poobear
hugui81,futuretheprince
hugui81,johnny
hugui81,quincy
hugui81,saul_tat2
fenderguitar,the1975
fenderguitar,brianlogandales
twittels,glassofwhiskey
twittels,lenadunham
chad_kerley,representclo
badrabbits,representclo
profoundco,dennistodisco
fivefour,blakegriffin32
fivefour,birdman5star
fivefour,johnny
fivefour,easymoneysniper
bigbillyclark,fivefour
jamesyammouniofficial,fivefour
russwest44,fivefour
liljon,fivefour
maxjr617,marcusjohns
maxjr617,easymoneysniper
maxjr617,iamzoie
maxjr617,kingsamjonesiii
maxjr617,blakegriffin32
maxjr617,jackgilinsky
maxjr617,shawnmendes
maxjr617,jeromejarre
maxjr617,klarity
klarity,romeolacoste
klarity,johnny
klarity,jennettemccurdy
klarity,liljon
klarity,anacheri
klarity,lenadunham
klarity,sunnymabrey
klarity,thundercup
klarity,jeromejarre
klarity,maxjr617
klarity,marcusjohns
klarity,easymoneysniper
romeolacoste,beaupeterbrooks
romeolacoste,quincy
romeolacoste,nikkohurtado
romeolacoste,thundercup
romeolacoste,kinggoldchains
joeysalad,romeolacoste
imatthewsherrill,jeromejarre
imatthewsherrill,_savannahbelle_
imatthewsherrill,jackgilinsky
imatthewsherrill,shawnmendes
imatthewsherrill,magcontour
imatthewsherrill,parkerbiederer
magcontour,shawnmendes
magcontour,jackgilinsky
thundercup,romeolacoste
thundercup,mrmauricio
isacelliot,camila_cabello
isacelliot,barackobama
isacelliot,macklemore
gymshark,paigehathaway
gymshark,birdman5star
jamesyammouniofficial,fivefour
jamesyammouniofficial,selenagomez
jamesyammouniofficial,beaupeterbrooks
vladofootwear,witneycarson
vladofootwear,robdyrdek
vladofootwear,sophialucia5678
vladofootwear,beaupeterbrooks
vladofootwear,macklemore
vladofootwear,selenagomez
beaupeterbrooks,romeolacoste
beaupeterbrooks,telana11
beaupeterbrooks,paigehathaway
beaupeterbrooks,shecks
beaupeterbrooks,codysimpson
beaupeterbrooks,charlottegshore
beaupeterbrooks,realbarbarapalvin
beaupeterbrooks,jamesyammouniofficial
beaupeterbrooks,lexie1225
codysimpson,witneycarson
codysimpson,gigihadid
mike_stud,jmanziel2
mike_stud,chanelwestcoast
kyra_skelton,chelseahouska
kyra_skelton,channingtatum
kyra_skelton,drew_shipley
nataliehalcro,stacykeibler
nataliehalcro,sarahstage
nataliehalcro,anacheri
nataliehalcro,ashley_moore_
nataliehalcro,reggiebush
nataliehalcro,realbarbarapalvin
nataliehalcro,hayden_williams
chad_kerley,anacheri
chad_kerley,representclo
chad_kerley,steviewilliams
chad_kerley,cultcrew
chad_kerley,nikesb
chad_kerley,nigelsylvester
chad_kerley,chazortiz
danscompinstagram,wethepeoplebmx
danscompinstagram,nigelsylvester
danscompinstagram,cultcrew
danscompinstagram,volumebikes
danscompinstagram,chad_kerley
volumebikes,danscompinstagram
wethepeoplebmx,danscompinstagram
wethepeoplebmx,volumebikes
cultcrew,officially_nasty
cultcrew,monsterenergy
cultcrew,danscompinstagram
cultcrew,chad_kerley
cultcrew,nigelsylvester
duckdynastyae,usweekly
bigjermdg,selenagomez
jdog_hlm,raiders
jdog_hlm,chazortiz
jdog_hlm,robdyrdek
liljon,usweekly
liljon,easymoneysniper
liljon,mcdonalds
liljon,klarity
liljon,glassofwhiskey
liljon,mariamenounos
liljon,paigehathaway
liljon,realevanross
liljon,duckdynastyae
liljon,therock
liljon,neima_pinkdolphin
liljon,dennistodisco
liljon,evelynlozada
liljon,djmustard
liljon,tiesto
liljon,kinggoldchains
liljon,reggiebush
liljon,officialsarajay
liljon,anthonyanderson
liljon,steviewilliams
liljon,fivefour
liljon,robdyrdek
liljon,katgrahampics
liljon,playboy
liljon,cedricgervais
liljon,djruckusofficial
liljon,shecks
liljon,chanelwestcoast
liljon,brodyjenner
liljon,barackobama
liljon,georgelopez
liljon,mrmauricio
liljon,bigbillyclark
liljon,treysongz
liljon,iamquddus
liljon,djchuckie
liljon,ciphasounds
liljon,jasonstrauss
impactwrestling,robbieeimpact
impactwrestling,spiketv
denizduygulu,jaquieohh
denizduygulu,lordposts
denizduygulu,therock
denizduygulu,paigehathaway
denizduygulu,cedricgervais
dylanespinosa,glassofwhiskey
dylanespinosa,larryfisherman
dylanespinosa,treejtv
doge.post,tampoons
davidhenrie,spingalnichelle
davidhenrie,witneycarson
davidhenrie,nikesb
davidhenrie,selenagomez
jerkstiel,nipplejousting
jerkstiel,anselelgort
harrysmileforme,calumhood
harrysmileforme,niallhoran
harrysmileforme,eleanorj92
fakelimanpayne,namelessgem
fakelimanpayne,mystyleshero
fakelimanpayne,calumhood
fakelimanpayne,littlemixofficial
fakelimanpayne,f3licitetomlinson
fakelimanpayne,niahlur
fakelimanpayne,niallhoran
perksofstfu,in_spiration
perksofstfu,tampoons
perksofstfu,touchmytitties
perksofstfu,sextpert
spookyposts,anselelgort
spookyposts,aliifepoetry
spookyposts,shawnmendes
spookyposts,lawrenceology
swervehazza,calumhood
swervehazza,1dbombshell
swervehazza,namelessgem
swervehazza,doge.post
swervehazza,haroldluvme
swervehazza,f3licitetomlinson
swervehazza,niallhoran
sextpert,nipplejousting
perksofbeingachickenugget,lazyl0l
perksofbeingachickenugget,camera_duels
perksofbeingachickenugget,sextpert
perksofbeingachickenugget,mcdonalds
perksofbeingachickenugget,kanye_west_kanye_east
1dbombshell,swervehazza
1dbombshell,f3licitetomlinson
1dbombshell,eleanorj92
1dbombshell,niallhoran
gagagallery,danababy97
gagagallery,telana11
gagagallery,calumhood
gagagallery,jamesyammouniofficial
gagagallery,jordynwoods
gagagallery,hollandroden
gagagallery,nayarivera
gagagallery,beaupeterbrooks
gagagallery,lindsaylohan
gagagallery,selenagomez
gagagallery,shawnmendes
gagagallery,jackgilinsky
gagagallery,sexualaughs
gagagallery,niallhoran
_matt__j,chanelwestcoast
uniquevines,ifunnymeme
uniquevines,worldrecordss
worldrecordss,factsdaily
worldrecordss,uniquevines
ifunnymeme,uniquevines
graciegold95,sophialucia5678
graciegold95,meryledavis
meryledavis,usweekly
meryledavis,graciegold95
jadepicon,iansomerhalder
adoringchandler,twdcast
adoringchandler,niallhoran
adoringchandler,namelessgem
niallhoran,realbarbarapalvin
niallhoran,kimcrossman
niallhoran,amyhgreen
niallhoran,eleanorj92
tampoons,spookyposts
tampoons,sextpert
tampoons,highhsoul
tampoons,touchmytitties
tampoons,ayedamian
tampoons,sexualaughs
tampoons,perksofstfu
tampoons,nipplejousting
tampoons,doge.post
hotelcalifcrnia,skyferreira
hotelcalifcrnia,elounor
skyferreira,mertalas
skyferreira,fallontonight
skyferreira,soapmanwun
skyferreira,themuska
skyferreira,djmobeatz
calumhood,gigihadid
calumhood,haileybaldwin
calumhood,realbarbarapalvin
calumhood,namelessgem
calumhood,niallhoran
calumhood,fenderguitar
calumhood,treysongz
zacharayy,anselelgort
zacharayy,camila_cabello
zacharayy,selenagomez
zacharayy,calumhood
zacharayy,joeygraceffa
zacharayy,f3licitetomlinson
zacharayy,niallhoran
kanye_west_kanye_east,lawrenceology
kanye_west_kanye_east,robinthicke
kanye_west_kanye_east,_________boobies_________
kanye_west_kanye_east,perksofbeingachickenugget
kanye_west_kanye_east,dirty_childhood_confessions_
kanye_west_kanye_east,zacharayy
kanye_west_kanye_east,ratchet_n_basic
minnesotawild,minnesotavikings
fallontonight,channingtatum
fallontonight,sophiabush
fallontonight,skyferreira
fallontonight,lenadunham
fallontonight,lindsaylohan
fallontonight,jennettemccurdy
volcomskate,shecks
volcomskate,zeroskateboards
volcomskate,monsterenergy
volcomskate,nikesb
volcomskate,alecmajerus
volcomskate,spitfirewheels
sleepystevens,shecks
adapt,anacheri
eg0re,robdyrdek
eg0re,larryfisherman
marcusjohns,willsasso
marcusjohns,klarity
marcusjohns,jeromejarre
marcusjohns,sunnymabrey
ilaughedatthat,anacheri
ilaughedatthat,worldrecordss
ilaughedatthat,insta_quoting
blakegriffin32,easymoneysniper
blakegriffin32,jmanziel2
blakegriffin32,maxjr617
blakegriffin32,russwest44
blakegriffin32,reggiebush
jordanroriepayton,nobodys_photos
nobodys_photos,jennettemccurdy
nobodys_photos,jordanroriepayton
nobodys_photos,nayarivera
nobodys_photos,normancook
nobodys_photos,soapmanwun
nobodys_photos,blakegriffin32
nobodys_photos,macklemore
channingtatum,usweekly
channingtatum,stacykeibler
channingtatum,eonline
__ilovelexie__,shecks
__ilovelexie__,selenagomez
__ilovelexie__,chanelwestcoast
__ilovelexie__,imatthewsherrill
__ilovelexie__,codysimpson
__ilovelexie__,duckdynastyae
__ilovelexie__,macklemore
__ilovelexie__,bmhylandxoxo
macklemore,birdman5star
macklemore,lindsaylohan
macklemore,realsway
macklemore,richhomiequan
macklemore,nikesb
macklemore,djmustard
macklemore,chanelwestcoast
macklemore,paulwallbaby
macklemore,lenadunham
macklemore,blakegriffin32
macklemore,russwest44
macklemore,easymoneysniper
macklemore,themuska
macklemore,liljon
macklemore,mikeposner
macklemore,playboy
macklemore,shecks
macklemore,kinggoldchains
macklemore,larryfisherman
macklemore,steviewilliams
bieberscene,sexualaughs
bieberscene,spookyposts
arose1860,lukedavisthegrey
arose1860,playboy
arose1860,lenadunham
arose1860,lindsaylohan
arose1860,haileybaldwin
arose1860,gigihadid
arose1860,tieks
arose1860,larryfisherman
arose1860,selfmaderyan
arose1860,romeolacoste
arose1860,alfredyankovic
arose1860,thecw
arose1860,stellahudgens
arose1860,sephora
arose1860,jessewelle
arose1860,sarahstage
arose1860,adrianalima
arose1860,kittenfacts
arose1860,macklemore
arose1860,insta_kitten
arose1860,sophialucia5678
arose1860,joeygraceffa
arose1860,hoskelsa
arose1860,jennettemccurdy
arose1860,lizgillz
arose1860,awesomenesstv
arose1860,drew_shipley
arose1860,bmhylandxoxo
arose1860,andreaschoice
arose1860,alliemarieevans
danababy97,jackgilinsky
danababy97,lyciafaith
danababy97,niallhoran
danababy97,realbarbarapalvin
danababy97,selenagomez
danababy97,stellahudgens
danababy97,haileybaldwin
danababy97,jordynwoods
danababy97,brodyjenner
danababy97,camila_cabello
danababy97,lexie1225
danababy97,lizgillz
danababy97,beaupeterbrooks
danababy97,shecks
sydofwgkta,samhookmusic
sydofwgkta,treejtv
sydofwgkta,larryfisherman
sydofwgkta,soapmanwun
lizgillz,gigihadid
lizgillz,jennettemccurdy
lizgillz,lindsaylohan
lizgillz,lexie1225
lizgillz,lenadunham
mr_golden_17,shawnmendes
mr_golden_17,jackgilinsky
mr_golden_17,surfingmagazine
mr_golden_17,codysimpson
earlxsweaat,sydofwgkta
earlxsweaat,soapmanwun
zumiez,kr3wdenim
zumiez,thehoonigans
zumiez,disney
zumiez,badrabbits
zumiez,alecmajerus
zumiez,steviewilliams
zumiez,larryfisherman
zumiez,macklemore
zumiez,chazortiz
zumiez,robdyrdek
zumiez,nikesb
zumiez,easymoneysniper
zumiez,bonesbearings
zumiez,themuska
zumiez,shecks
telana11,beaupeterbrooks
telana11,broganburnside
telana11,jordynwoods
telana11,haileybaldwin
andreaschoice,lindsaylohan
andreaschoice,jessiemorrison
andreaschoice,selenagomez
andreaschoice,larryfisherman
andreaschoice,therock
andreaschoice,shaycarl
andreaschoice,adamgoldston
jessewelle,romanatwood
jessewelle,shaycarl
broganburnside,realbarbarapalvin
broganburnside,mamabswag
broganburnside,haileybaldwin
broganburnside,telana11
broganburnside,jordynwoods
broganburnside,stellahudgens
girlslifemag,ravens
girlslifemag,littlemixofficial
girlslifemag,jennettemccurdy
girlslifemag,targetstyle
girlslifemag,lenadunham
stellahudgens,justjared
stellahudgens,billyunger
stellahudgens,glassofwhiskey
stellahudgens,lenadunham
stellahudgens,judahsmith
stellahudgens,selenagomez
stellahudgens,iansomerhalder
dustingrice,playboy
dustingrice,cultcrew
dustingrice,shecks
dustingrice,alexhiam
dustingrice,barackobama
dustingrice,chad_kerley
dustingrice,officially_nasty
dustingrice,nesserfamilia
dustingrice,alecmajerus
jordynwoods,jamesyammouniofficial
jordynwoods,ashley_moore_
jordynwoods,donialuvsu
jordynwoods,stellahudgens
jordynwoods,telana11
jordynwoods,broganburnside
jordynwoods,haileybaldwin
hi_this_is_aj,iggymfails
hi_this_is_aj,ultimate.health
hi_this_is_aj,fitgirlsworldwide
hi_this_is_aj,therock
hi_this_is_aj,hydracup
theevanitydiary,shanieceh
theevanitydiary,evelynlozada
theevanitydiary,lindsaylohan
theevanitydiary,nataliehalcro
theevanitydiary,hayden_williams
theevanitydiary,missfamenyc
theevanitydiary,idaaztor
theevanitydiary,andreaschoice
justjared,gigihadid
justjared,robinthicke
justjared,phoebejtonkin
justjared,selenagomez
justjared,lenadunham
justjared,normancook
justjared,lindsaylohan
justjared,katgrahampics
justjared,realbarbarapalvin
justjared,hollandroden
justjared,haileybaldwin
justjared,bridgitmendler
justjared,codysimpson
justjared,davidhenrie
justjared,channingtatum
justjared,therock
justjared,nayarivera
justjared,anselelgort
justjared,glassofwhiskey
justjared,stacykeibler
brianlogandales,macklemore
brianlogandales,jokuk
brianlogandales,realbarbarapalvin
brianlogandales,gabrielleaplin
brianlogandales,mikeposner
therealfrancia,jessiemorrison
therealfrancia,thenikkibella
therealfrancia,thebriebella
therealfrancia,selenagomez
therealfrancia,acaciaswimwear
therealfrancia,kimcrossman
therealfrancia,judahsmith
therealfrancia,jokuk
therealfrancia,quincy
jokuk,mikeposner
jokuk,bigbillyclark
jokuk,justjared
jokuk,brianlogandales
jokuk,therealfrancia
phamflexx,therock
dylanwerneryoga,geraldsaluti
carlpaoli,reebok
carlpaoli,robdyrdek
michelleshimmy,playboy
michelleshimmy,iansomerhalder
geraldsaluti,dylanwerneryoga
prettylittlelyingvampires,hollandroden
prettylittlelyingvampires,selenagomez
prettylittlelyingvampires,codysimpson
prettylittlelyingvampires,thecw
prettylittlelyingvampires,vampirediaries
prettylittlelyingvampires,katgrahampics
prettylittlelyingvampires,iansomerhalder
prettylittlelyingvampires,phoebejtonkin
alliemarieevans,anselelgort
alliemarieevans,camila_cabello
alliemarieevans,selenagomez
alliemarieevans,jessewelle
alliemarieevans,davidhenrie
alliemarieevans,niallhoran
alliemarieevans,joeygraceffa
alliemarieevans,andreaschoice
alliemarieevans,beaupeterbrooks
alliemarieevans,shaycarl
alliemarieevans,marcusbutler
alliemarieevans,tobuscus
alliemarieevans,thecw
alliemarieevans,hoskelsa
alliemarieevans,barackobama
alliemarieevans,gigihadid
alliemarieevans,brodyjenner
alliemarieevans,arose1860
alliemarieevans,codysimpson
robinthicke,realsway
robinthicke,derrtymo
the_naja,realbarbarapalvin
the_naja,themuska
the_naja,garyvee
the_naja,dritadavanzoladyboss
the_naja,chanelwestcoast
the_naja,birdman5star
the_naja,ironeyeretna
the_naja,stacykeibler
the_naja,tazsangel_ab
the_naja,sbstunts
the_naja,ashley_moore_
the_naja,sephora
saidthewhale,lenadunham
targetstyle,awesomenesstv
stacykeibler,jasonstrauss
stacykeibler,barackobama
mariamenounos,stacykeibler
lenadunham,bom_rabbits
glassofwhiskey,alfredyankovic
glassofwhiskey,mcgregor_ewan
glassofwhiskey,barackobama
glassofwhiskey,lenadunham
glassofwhiskey,sunnymabrey
vampirediaries,jerkstiel
vampirediaries,thecw
vampirediaries,katgrahampics
vampirediaries,iansomerhalder
vampirediaries,prettylittlelyingvampires
thecw,phoebejtonkin
thecw,iansomerhalder
thecw,katgrahampics
katgrahampics,adrianalima
katgrahampics,phoebejtonkin
katgrahampics,iansomerhalder
katgrahampics,justjared
trendablapp,acaciaswimwear
bsmhaitianfreshceo,kinggoldchains
bsmhaitianfreshceo,robdyrdek
bsmhaitianfreshceo,birdman5star
bsmhaitianfreshceo,dwarfguru
justinbieberfans,poobear
justinbieberfans,quincy
justinbieberfans,mallymall
justinbieberfans,selenagomez
austinhotmahone,niallhoran
austinhotmahone,littlemixofficial
austinhotmahone,eleanorj92
austinhotmahone,girlyypostts
austinhotmahone,codysimpson
donialuvsu,jordynwoods
facetstudio,_kionagarcia
facetstudio,sarahstage
facetstudio,catdagreat
facetstudio,jaquieohh
facetstudio,cindyprado
facetstudio,anacheri
facetstudio,djchuckie
facetstudio,cmacdaddyy
facetstudio,tatyanaali
facetstudio,shanieceh
facetstudio,quincy
facetstudio,habeshaqueens
facetstudio,liljon
facetstudio,skydigg4
facetstudio,nataliehalcro
facetstudio,bria_murphy
facetstudio,jessiemorrison
facetstudio,djdiamondkuts
facetstudio,theelcartel
facetstudio,mallymall
thebesttscenes,ifunnymeme
thebesttscenes,factsdaily
thebesttscenes,worldrecordss
thebesttscenes,lawrenceology
thebesttscenes,uniquevines
thebesttscenes,comedyscenesx
thebesttscenes,comicposts
gabrielleaplin,chlooooejade
gabrielleaplin,brianlogandales
